Starting hyperparameter optimization at Wed Apr 23 03:57:04 CDT 2025
╭──────────────────────────────────────────────────────────╮
│ Configuration for experiment     gnn_hyperopt            │
├──────────────────────────────────────────────────────────┤
│ Search algorithm                 SearchGenerator         │
│ Scheduler                        AsyncHyperBandScheduler │
│ Number of trials                 1                       │
╰──────────────────────────────────────────────────────────╯

View detailed results here: /u/mbanisharifdehkordi/Github/GNN_4_IO_3/logs/hyperopt/baseline/mi0.2/experiment_9/gnn_hyperopt
To visualize your results with TensorBoard, run: `tensorboard --logdir /u/mbanisharifdehkordi/ray_temp/ray/session_2025-04-23_03-57-19_873465_2417660/artifacts/2025-04-23_03-57-24/gnn_hyperopt/driver_artifacts`

Trial status: 1 PENDING
Current time: 2025-04-23 03:57:24. Total running time: 0s
Logical resource usage: 0/16 CPUs, 0/2 GPUs (0.0/1.0 accelerator_type:A100)
╭─────────────────────────────────────────────────────────────────────────────────────────────────────────────────────────────────╮
│ Trial name                   status       learning_rate     batch_size     hidden_dim     num_layers     dropout   model_type   │
├─────────────────────────────────────────────────────────────────────────────────────────────────────────────────────────────────┤
│ train_with_params_c3a7e7cb   PENDING         0.00638205            128             32              3    0.260136   gcn          │
╰─────────────────────────────────────────────────────────────────────────────────────────────────────────────────────────────────╯

Trial train_with_params_c3a7e7cb started with configuration:
╭─────────────────────────────────────────────────────╮
│ Trial train_with_params_c3a7e7cb config             │
├─────────────────────────────────────────────────────┤
│ batch_size                                      128 │
│ dropout                                     0.26014 │
│ hidden_dim                                       32 │
│ learning_rate                               0.00638 │
│ model_type                                      gcn │
│ num_layers                                        3 │
╰─────────────────────────────────────────────────────╯

Trial status: 1 RUNNING
Current time: 2025-04-23 03:57:54. Total running time: 30s
Logical resource usage: 4.0/16 CPUs, 0.5/2 GPUs (0.0/1.0 accelerator_type:A100)
╭─────────────────────────────────────────────────────────────────────────────────────────────────────────────────────────────────╮
│ Trial name                   status       learning_rate     batch_size     hidden_dim     num_layers     dropout   model_type   │
├─────────────────────────────────────────────────────────────────────────────────────────────────────────────────────────────────┤
│ train_with_params_c3a7e7cb   RUNNING         0.00638205            128             32              3    0.260136   gcn          │
╰─────────────────────────────────────────────────────────────────────────────────────────────────────────────────────────────────╯
Trial status: 1 RUNNING
Current time: 2025-04-23 03:58:24. Total running time: 1min 0s
Logical resource usage: 4.0/16 CPUs, 0.5/2 GPUs (0.0/1.0 accelerator_type:A100)
╭─────────────────────────────────────────────────────────────────────────────────────────────────────────────────────────────────╮
│ Trial name                   status       learning_rate     batch_size     hidden_dim     num_layers     dropout   model_type   │
├─────────────────────────────────────────────────────────────────────────────────────────────────────────────────────────────────┤
│ train_with_params_c3a7e7cb   RUNNING         0.00638205            128             32              3    0.260136   gcn          │
╰─────────────────────────────────────────────────────────────────────────────────────────────────────────────────────────────────╯
Trial status: 1 RUNNING
Current time: 2025-04-23 03:58:54. Total running time: 1min 30s
Logical resource usage: 4.0/16 CPUs, 0.5/2 GPUs (0.0/1.0 accelerator_type:A100)
╭─────────────────────────────────────────────────────────────────────────────────────────────────────────────────────────────────╮
│ Trial name                   status       learning_rate     batch_size     hidden_dim     num_layers     dropout   model_type   │
├─────────────────────────────────────────────────────────────────────────────────────────────────────────────────────────────────┤
│ train_with_params_c3a7e7cb   RUNNING         0.00638205            128             32              3    0.260136   gcn          │
╰─────────────────────────────────────────────────────────────────────────────────────────────────────────────────────────────────╯
Trial status: 1 RUNNING
Current time: 2025-04-23 03:59:24. Total running time: 2min 0s
Logical resource usage: 4.0/16 CPUs, 0.5/2 GPUs (0.0/1.0 accelerator_type:A100)
╭─────────────────────────────────────────────────────────────────────────────────────────────────────────────────────────────────╮
│ Trial name                   status       learning_rate     batch_size     hidden_dim     num_layers     dropout   model_type   │
├─────────────────────────────────────────────────────────────────────────────────────────────────────────────────────────────────┤
│ train_with_params_c3a7e7cb   RUNNING         0.00638205            128             32              3    0.260136   gcn          │
╰─────────────────────────────────────────────────────────────────────────────────────────────────────────────────────────────────╯
Trial status: 1 RUNNING
Current time: 2025-04-23 03:59:54. Total running time: 2min 30s
Logical resource usage: 4.0/16 CPUs, 0.5/2 GPUs (0.0/1.0 accelerator_type:A100)
╭─────────────────────────────────────────────────────────────────────────────────────────────────────────────────────────────────╮
│ Trial name                   status       learning_rate     batch_size     hidden_dim     num_layers     dropout   model_type   │
├─────────────────────────────────────────────────────────────────────────────────────────────────────────────────────────────────┤
│ train_with_params_c3a7e7cb   RUNNING         0.00638205            128             32              3    0.260136   gcn          │
╰─────────────────────────────────────────────────────────────────────────────────────────────────────────────────────────────────╯
Trial status: 1 RUNNING
Current time: 2025-04-23 04:00:24. Total running time: 3min 0s
Logical resource usage: 4.0/16 CPUs, 0.5/2 GPUs (0.0/1.0 accelerator_type:A100)
╭─────────────────────────────────────────────────────────────────────────────────────────────────────────────────────────────────╮
│ Trial name                   status       learning_rate     batch_size     hidden_dim     num_layers     dropout   model_type   │
├─────────────────────────────────────────────────────────────────────────────────────────────────────────────────────────────────┤
│ train_with_params_c3a7e7cb   RUNNING         0.00638205            128             32              3    0.260136   gcn          │
╰─────────────────────────────────────────────────────────────────────────────────────────────────────────────────────────────────╯
Trial status: 1 RUNNING
Current time: 2025-04-23 04:00:54. Total running time: 3min 30s
Logical resource usage: 4.0/16 CPUs, 0.5/2 GPUs (0.0/1.0 accelerator_type:A100)
╭─────────────────────────────────────────────────────────────────────────────────────────────────────────────────────────────────╮
│ Trial name                   status       learning_rate     batch_size     hidden_dim     num_layers     dropout   model_type   │
├─────────────────────────────────────────────────────────────────────────────────────────────────────────────────────────────────┤
│ train_with_params_c3a7e7cb   RUNNING         0.00638205            128             32              3    0.260136   gcn          │
╰─────────────────────────────────────────────────────────────────────────────────────────────────────────────────────────────────╯
Trial status: 1 RUNNING
Current time: 2025-04-23 04:01:24. Total running time: 4min 0s
Logical resource usage: 4.0/16 CPUs, 0.5/2 GPUs (0.0/1.0 accelerator_type:A100)
╭─────────────────────────────────────────────────────────────────────────────────────────────────────────────────────────────────╮
│ Trial name                   status       learning_rate     batch_size     hidden_dim     num_layers     dropout   model_type   │
├─────────────────────────────────────────────────────────────────────────────────────────────────────────────────────────────────┤
│ train_with_params_c3a7e7cb   RUNNING         0.00638205            128             32              3    0.260136   gcn          │
╰─────────────────────────────────────────────────────────────────────────────────────────────────────────────────────────────────╯
Trial status: 1 RUNNING
Current time: 2025-04-23 04:01:54. Total running time: 4min 30s
Logical resource usage: 4.0/16 CPUs, 0.5/2 GPUs (0.0/1.0 accelerator_type:A100)
╭─────────────────────────────────────────────────────────────────────────────────────────────────────────────────────────────────╮
│ Trial name                   status       learning_rate     batch_size     hidden_dim     num_layers     dropout   model_type   │
├─────────────────────────────────────────────────────────────────────────────────────────────────────────────────────────────────┤
│ train_with_params_c3a7e7cb   RUNNING         0.00638205            128             32              3    0.260136   gcn          │
╰─────────────────────────────────────────────────────────────────────────────────────────────────────────────────────────────────╯
Trial status: 1 RUNNING
Current time: 2025-04-23 04:02:24. Total running time: 5min 0s
Logical resource usage: 4.0/16 CPUs, 0.5/2 GPUs (0.0/1.0 accelerator_type:A100)
╭─────────────────────────────────────────────────────────────────────────────────────────────────────────────────────────────────╮
│ Trial name                   status       learning_rate     batch_size     hidden_dim     num_layers     dropout   model_type   │
├─────────────────────────────────────────────────────────────────────────────────────────────────────────────────────────────────┤
│ train_with_params_c3a7e7cb   RUNNING         0.00638205            128             32              3    0.260136   gcn          │
╰─────────────────────────────────────────────────────────────────────────────────────────────────────────────────────────────────╯
Trial status: 1 RUNNING
Current time: 2025-04-23 04:02:54. Total running time: 5min 30s
Logical resource usage: 4.0/16 CPUs, 0.5/2 GPUs (0.0/1.0 accelerator_type:A100)
╭─────────────────────────────────────────────────────────────────────────────────────────────────────────────────────────────────╮
│ Trial name                   status       learning_rate     batch_size     hidden_dim     num_layers     dropout   model_type   │
├─────────────────────────────────────────────────────────────────────────────────────────────────────────────────────────────────┤
│ train_with_params_c3a7e7cb   RUNNING         0.00638205            128             32              3    0.260136   gcn          │
╰─────────────────────────────────────────────────────────────────────────────────────────────────────────────────────────────────╯
Trial status: 1 RUNNING
Current time: 2025-04-23 04:03:24. Total running time: 6min 0s
Logical resource usage: 4.0/16 CPUs, 0.5/2 GPUs (0.0/1.0 accelerator_type:A100)
╭─────────────────────────────────────────────────────────────────────────────────────────────────────────────────────────────────╮
│ Trial name                   status       learning_rate     batch_size     hidden_dim     num_layers     dropout   model_type   │
├─────────────────────────────────────────────────────────────────────────────────────────────────────────────────────────────────┤
│ train_with_params_c3a7e7cb   RUNNING         0.00638205            128             32              3    0.260136   gcn          │
╰─────────────────────────────────────────────────────────────────────────────────────────────────────────────────────────────────╯
Trial status: 1 RUNNING
Current time: 2025-04-23 04:03:55. Total running time: 6min 30s
Logical resource usage: 4.0/16 CPUs, 0.5/2 GPUs (0.0/1.0 accelerator_type:A100)
╭─────────────────────────────────────────────────────────────────────────────────────────────────────────────────────────────────╮
│ Trial name                   status       learning_rate     batch_size     hidden_dim     num_layers     dropout   model_type   │
├─────────────────────────────────────────────────────────────────────────────────────────────────────────────────────────────────┤
│ train_with_params_c3a7e7cb   RUNNING         0.00638205            128             32              3    0.260136   gcn          │
╰─────────────────────────────────────────────────────────────────────────────────────────────────────────────────────────────────╯
Trial status: 1 RUNNING
Current time: 2025-04-23 04:04:25. Total running time: 7min 0s
Logical resource usage: 4.0/16 CPUs, 0.5/2 GPUs (0.0/1.0 accelerator_type:A100)
╭─────────────────────────────────────────────────────────────────────────────────────────────────────────────────────────────────╮
│ Trial name                   status       learning_rate     batch_size     hidden_dim     num_layers     dropout   model_type   │
├─────────────────────────────────────────────────────────────────────────────────────────────────────────────────────────────────┤
│ train_with_params_c3a7e7cb   RUNNING         0.00638205            128             32              3    0.260136   gcn          │
╰─────────────────────────────────────────────────────────────────────────────────────────────────────────────────────────────────╯
Trial status: 1 RUNNING
Current time: 2025-04-23 04:04:55. Total running time: 7min 30s
Logical resource usage: 4.0/16 CPUs, 0.5/2 GPUs (0.0/1.0 accelerator_type:A100)
╭─────────────────────────────────────────────────────────────────────────────────────────────────────────────────────────────────╮
│ Trial name                   status       learning_rate     batch_size     hidden_dim     num_layers     dropout   model_type   │
├─────────────────────────────────────────────────────────────────────────────────────────────────────────────────────────────────┤
│ train_with_params_c3a7e7cb   RUNNING         0.00638205            128             32              3    0.260136   gcn          │
╰─────────────────────────────────────────────────────────────────────────────────────────────────────────────────────────────────╯
Trial status: 1 RUNNING
Current time: 2025-04-23 04:05:25. Total running time: 8min 0s
Logical resource usage: 4.0/16 CPUs, 0.5/2 GPUs (0.0/1.0 accelerator_type:A100)
╭─────────────────────────────────────────────────────────────────────────────────────────────────────────────────────────────────╮
│ Trial name                   status       learning_rate     batch_size     hidden_dim     num_layers     dropout   model_type   │
├─────────────────────────────────────────────────────────────────────────────────────────────────────────────────────────────────┤
│ train_with_params_c3a7e7cb   RUNNING         0.00638205            128             32              3    0.260136   gcn          │
╰─────────────────────────────────────────────────────────────────────────────────────────────────────────────────────────────────╯
Trial status: 1 RUNNING
Current time: 2025-04-23 04:05:55. Total running time: 8min 30s
Logical resource usage: 4.0/16 CPUs, 0.5/2 GPUs (0.0/1.0 accelerator_type:A100)
╭─────────────────────────────────────────────────────────────────────────────────────────────────────────────────────────────────╮
│ Trial name                   status       learning_rate     batch_size     hidden_dim     num_layers     dropout   model_type   │
├─────────────────────────────────────────────────────────────────────────────────────────────────────────────────────────────────┤
│ train_with_params_c3a7e7cb   RUNNING         0.00638205            128             32              3    0.260136   gcn          │
╰─────────────────────────────────────────────────────────────────────────────────────────────────────────────────────────────────╯

Trial train_with_params_c3a7e7cb finished iteration 1 at 2025-04-23 04:06:22. Total running time: 8min 58s
╭──────────────────────────────────────────────────────╮
│ Trial train_with_params_c3a7e7cb result              │
├──────────────────────────────────────────────────────┤
│ checkpoint_dir_name                                  │
│ time_this_iter_s                             531.697 │
│ time_total_s                                 531.697 │
│ training_iteration                                 1 │
│ epoch                                              0 │
│ loss                                         0.94893 │
│ mae                                         0.813986 │
│ r2                                            -3e-05 │
│ rmse                                        0.974131 │
│ train_loss                                   15.5208 │
╰──────────────────────────────────────────────────────╯

Trial status: 1 RUNNING
Current time: 2025-04-23 04:06:25. Total running time: 9min 0s
Logical resource usage: 4.0/16 CPUs, 0.5/2 GPUs (0.0/1.0 accelerator_type:A100)
Current best trial: c3a7e7cb with loss=0.9489315876277054 and params={'learning_rate': 0.00638204909515573, 'batch_size': 128, 'hidden_dim': 32, 'num_layers': 3, 'dropout': 0.2601364522768404, 'model_type': 'gcn'}
╭─────────────────────────────────────────────────────────────────────────────────────────────────────────────────────────────────────────────────────────────────────────────────────────────────────────────╮
│ Trial name                   status       learning_rate     batch_size     hidden_dim     num_layers     dropout   model_type       iter     total time (s)       loss     train_loss       rmse        mae │
├─────────────────────────────────────────────────────────────────────────────────────────────────────────────────────────────────────────────────────────────────────────────────────────────────────────────┤
│ train_with_params_c3a7e7cb   RUNNING         0.00638205            128             32              3    0.260136   gcn                 1            531.697   0.948932        15.5208   0.974131   0.813986 │
╰─────────────────────────────────────────────────────────────────────────────────────────────────────────────────────────────────────────────────────────────────────────────────────────────────────────────╯
Trial status: 1 RUNNING
Current time: 2025-04-23 04:06:55. Total running time: 9min 30s
Logical resource usage: 4.0/16 CPUs, 0.5/2 GPUs (0.0/1.0 accelerator_type:A100)
Current best trial: c3a7e7cb with loss=0.9489315876277054 and params={'learning_rate': 0.00638204909515573, 'batch_size': 128, 'hidden_dim': 32, 'num_layers': 3, 'dropout': 0.2601364522768404, 'model_type': 'gcn'}
╭─────────────────────────────────────────────────────────────────────────────────────────────────────────────────────────────────────────────────────────────────────────────────────────────────────────────╮
│ Trial name                   status       learning_rate     batch_size     hidden_dim     num_layers     dropout   model_type       iter     total time (s)       loss     train_loss       rmse        mae │
├─────────────────────────────────────────────────────────────────────────────────────────────────────────────────────────────────────────────────────────────────────────────────────────────────────────────┤
│ train_with_params_c3a7e7cb   RUNNING         0.00638205            128             32              3    0.260136   gcn                 1            531.697   0.948932        15.5208   0.974131   0.813986 │
╰─────────────────────────────────────────────────────────────────────────────────────────────────────────────────────────────────────────────────────────────────────────────────────────────────────────────╯
Trial status: 1 RUNNING
Current time: 2025-04-23 04:07:25. Total running time: 10min 0s
Logical resource usage: 4.0/16 CPUs, 0.5/2 GPUs (0.0/1.0 accelerator_type:A100)
Current best trial: c3a7e7cb with loss=0.9489315876277054 and params={'learning_rate': 0.00638204909515573, 'batch_size': 128, 'hidden_dim': 32, 'num_layers': 3, 'dropout': 0.2601364522768404, 'model_type': 'gcn'}
╭─────────────────────────────────────────────────────────────────────────────────────────────────────────────────────────────────────────────────────────────────────────────────────────────────────────────╮
│ Trial name                   status       learning_rate     batch_size     hidden_dim     num_layers     dropout   model_type       iter     total time (s)       loss     train_loss       rmse        mae │
├─────────────────────────────────────────────────────────────────────────────────────────────────────────────────────────────────────────────────────────────────────────────────────────────────────────────┤
│ train_with_params_c3a7e7cb   RUNNING         0.00638205            128             32              3    0.260136   gcn                 1            531.697   0.948932        15.5208   0.974131   0.813986 │
╰─────────────────────────────────────────────────────────────────────────────────────────────────────────────────────────────────────────────────────────────────────────────────────────────────────────────╯
Trial status: 1 RUNNING
Current time: 2025-04-23 04:07:55. Total running time: 10min 30s
Logical resource usage: 4.0/16 CPUs, 0.5/2 GPUs (0.0/1.0 accelerator_type:A100)
Current best trial: c3a7e7cb with loss=0.9489315876277054 and params={'learning_rate': 0.00638204909515573, 'batch_size': 128, 'hidden_dim': 32, 'num_layers': 3, 'dropout': 0.2601364522768404, 'model_type': 'gcn'}
╭─────────────────────────────────────────────────────────────────────────────────────────────────────────────────────────────────────────────────────────────────────────────────────────────────────────────╮
│ Trial name                   status       learning_rate     batch_size     hidden_dim     num_layers     dropout   model_type       iter     total time (s)       loss     train_loss       rmse        mae │
├─────────────────────────────────────────────────────────────────────────────────────────────────────────────────────────────────────────────────────────────────────────────────────────────────────────────┤
│ train_with_params_c3a7e7cb   RUNNING         0.00638205            128             32              3    0.260136   gcn                 1            531.697   0.948932        15.5208   0.974131   0.813986 │
╰─────────────────────────────────────────────────────────────────────────────────────────────────────────────────────────────────────────────────────────────────────────────────────────────────────────────╯
Trial status: 1 RUNNING
Current time: 2025-04-23 04:08:25. Total running time: 11min 0s
Logical resource usage: 4.0/16 CPUs, 0.5/2 GPUs (0.0/1.0 accelerator_type:A100)
Current best trial: c3a7e7cb with loss=0.9489315876277054 and params={'learning_rate': 0.00638204909515573, 'batch_size': 128, 'hidden_dim': 32, 'num_layers': 3, 'dropout': 0.2601364522768404, 'model_type': 'gcn'}
╭─────────────────────────────────────────────────────────────────────────────────────────────────────────────────────────────────────────────────────────────────────────────────────────────────────────────╮
│ Trial name                   status       learning_rate     batch_size     hidden_dim     num_layers     dropout   model_type       iter     total time (s)       loss     train_loss       rmse        mae │
├─────────────────────────────────────────────────────────────────────────────────────────────────────────────────────────────────────────────────────────────────────────────────────────────────────────────┤
│ train_with_params_c3a7e7cb   RUNNING         0.00638205            128             32              3    0.260136   gcn                 1            531.697   0.948932        15.5208   0.974131   0.813986 │
╰─────────────────────────────────────────────────────────────────────────────────────────────────────────────────────────────────────────────────────────────────────────────────────────────────────────────╯
Trial status: 1 RUNNING
Current time: 2025-04-23 04:08:55. Total running time: 11min 30s
Logical resource usage: 4.0/16 CPUs, 0.5/2 GPUs (0.0/1.0 accelerator_type:A100)
Current best trial: c3a7e7cb with loss=0.9489315876277054 and params={'learning_rate': 0.00638204909515573, 'batch_size': 128, 'hidden_dim': 32, 'num_layers': 3, 'dropout': 0.2601364522768404, 'model_type': 'gcn'}
╭─────────────────────────────────────────────────────────────────────────────────────────────────────────────────────────────────────────────────────────────────────────────────────────────────────────────╮
│ Trial name                   status       learning_rate     batch_size     hidden_dim     num_layers     dropout   model_type       iter     total time (s)       loss     train_loss       rmse        mae │
├─────────────────────────────────────────────────────────────────────────────────────────────────────────────────────────────────────────────────────────────────────────────────────────────────────────────┤
│ train_with_params_c3a7e7cb   RUNNING         0.00638205            128             32              3    0.260136   gcn                 1            531.697   0.948932        15.5208   0.974131   0.813986 │
╰─────────────────────────────────────────────────────────────────────────────────────────────────────────────────────────────────────────────────────────────────────────────────────────────────────────────╯
Trial status: 1 RUNNING
Current time: 2025-04-23 04:09:25. Total running time: 12min 0s
Logical resource usage: 4.0/16 CPUs, 0.5/2 GPUs (0.0/1.0 accelerator_type:A100)
Current best trial: c3a7e7cb with loss=0.9489315876277054 and params={'learning_rate': 0.00638204909515573, 'batch_size': 128, 'hidden_dim': 32, 'num_layers': 3, 'dropout': 0.2601364522768404, 'model_type': 'gcn'}
╭─────────────────────────────────────────────────────────────────────────────────────────────────────────────────────────────────────────────────────────────────────────────────────────────────────────────╮
│ Trial name                   status       learning_rate     batch_size     hidden_dim     num_layers     dropout   model_type       iter     total time (s)       loss     train_loss       rmse        mae │
├─────────────────────────────────────────────────────────────────────────────────────────────────────────────────────────────────────────────────────────────────────────────────────────────────────────────┤
│ train_with_params_c3a7e7cb   RUNNING         0.00638205            128             32              3    0.260136   gcn                 1            531.697   0.948932        15.5208   0.974131   0.813986 │
╰─────────────────────────────────────────────────────────────────────────────────────────────────────────────────────────────────────────────────────────────────────────────────────────────────────────────╯
Trial status: 1 RUNNING
Current time: 2025-04-23 04:09:55. Total running time: 12min 30s
Logical resource usage: 4.0/16 CPUs, 0.5/2 GPUs (0.0/1.0 accelerator_type:A100)
Current best trial: c3a7e7cb with loss=0.9489315876277054 and params={'learning_rate': 0.00638204909515573, 'batch_size': 128, 'hidden_dim': 32, 'num_layers': 3, 'dropout': 0.2601364522768404, 'model_type': 'gcn'}
╭─────────────────────────────────────────────────────────────────────────────────────────────────────────────────────────────────────────────────────────────────────────────────────────────────────────────╮
│ Trial name                   status       learning_rate     batch_size     hidden_dim     num_layers     dropout   model_type       iter     total time (s)       loss     train_loss       rmse        mae │
├─────────────────────────────────────────────────────────────────────────────────────────────────────────────────────────────────────────────────────────────────────────────────────────────────────────────┤
│ train_with_params_c3a7e7cb   RUNNING         0.00638205            128             32              3    0.260136   gcn                 1            531.697   0.948932        15.5208   0.974131   0.813986 │
╰─────────────────────────────────────────────────────────────────────────────────────────────────────────────────────────────────────────────────────────────────────────────────────────────────────────────╯
Trial status: 1 RUNNING
Current time: 2025-04-23 04:10:25. Total running time: 13min 0s
Logical resource usage: 4.0/16 CPUs, 0.5/2 GPUs (0.0/1.0 accelerator_type:A100)
Current best trial: c3a7e7cb with loss=0.9489315876277054 and params={'learning_rate': 0.00638204909515573, 'batch_size': 128, 'hidden_dim': 32, 'num_layers': 3, 'dropout': 0.2601364522768404, 'model_type': 'gcn'}
╭─────────────────────────────────────────────────────────────────────────────────────────────────────────────────────────────────────────────────────────────────────────────────────────────────────────────╮
│ Trial name                   status       learning_rate     batch_size     hidden_dim     num_layers     dropout   model_type       iter     total time (s)       loss     train_loss       rmse        mae │
├─────────────────────────────────────────────────────────────────────────────────────────────────────────────────────────────────────────────────────────────────────────────────────────────────────────────┤
│ train_with_params_c3a7e7cb   RUNNING         0.00638205            128             32              3    0.260136   gcn                 1            531.697   0.948932        15.5208   0.974131   0.813986 │
╰─────────────────────────────────────────────────────────────────────────────────────────────────────────────────────────────────────────────────────────────────────────────────────────────────────────────╯
Trial status: 1 RUNNING
Current time: 2025-04-23 04:10:55. Total running time: 13min 30s
Logical resource usage: 4.0/16 CPUs, 0.5/2 GPUs (0.0/1.0 accelerator_type:A100)
Current best trial: c3a7e7cb with loss=0.9489315876277054 and params={'learning_rate': 0.00638204909515573, 'batch_size': 128, 'hidden_dim': 32, 'num_layers': 3, 'dropout': 0.2601364522768404, 'model_type': 'gcn'}
╭─────────────────────────────────────────────────────────────────────────────────────────────────────────────────────────────────────────────────────────────────────────────────────────────────────────────╮
│ Trial name                   status       learning_rate     batch_size     hidden_dim     num_layers     dropout   model_type       iter     total time (s)       loss     train_loss       rmse        mae │
├─────────────────────────────────────────────────────────────────────────────────────────────────────────────────────────────────────────────────────────────────────────────────────────────────────────────┤
│ train_with_params_c3a7e7cb   RUNNING         0.00638205            128             32              3    0.260136   gcn                 1            531.697   0.948932        15.5208   0.974131   0.813986 │
╰─────────────────────────────────────────────────────────────────────────────────────────────────────────────────────────────────────────────────────────────────────────────────────────────────────────────╯
Trial status: 1 RUNNING
Current time: 2025-04-23 04:11:25. Total running time: 14min 0s
Logical resource usage: 4.0/16 CPUs, 0.5/2 GPUs (0.0/1.0 accelerator_type:A100)
Current best trial: c3a7e7cb with loss=0.9489315876277054 and params={'learning_rate': 0.00638204909515573, 'batch_size': 128, 'hidden_dim': 32, 'num_layers': 3, 'dropout': 0.2601364522768404, 'model_type': 'gcn'}
╭─────────────────────────────────────────────────────────────────────────────────────────────────────────────────────────────────────────────────────────────────────────────────────────────────────────────╮
│ Trial name                   status       learning_rate     batch_size     hidden_dim     num_layers     dropout   model_type       iter     total time (s)       loss     train_loss       rmse        mae │
├─────────────────────────────────────────────────────────────────────────────────────────────────────────────────────────────────────────────────────────────────────────────────────────────────────────────┤
│ train_with_params_c3a7e7cb   RUNNING         0.00638205            128             32              3    0.260136   gcn                 1            531.697   0.948932        15.5208   0.974131   0.813986 │
╰─────────────────────────────────────────────────────────────────────────────────────────────────────────────────────────────────────────────────────────────────────────────────────────────────────────────╯
Trial status: 1 RUNNING
Current time: 2025-04-23 04:11:55. Total running time: 14min 30s
Logical resource usage: 4.0/16 CPUs, 0.5/2 GPUs (0.0/1.0 accelerator_type:A100)
Current best trial: c3a7e7cb with loss=0.9489315876277054 and params={'learning_rate': 0.00638204909515573, 'batch_size': 128, 'hidden_dim': 32, 'num_layers': 3, 'dropout': 0.2601364522768404, 'model_type': 'gcn'}
╭─────────────────────────────────────────────────────────────────────────────────────────────────────────────────────────────────────────────────────────────────────────────────────────────────────────────╮
│ Trial name                   status       learning_rate     batch_size     hidden_dim     num_layers     dropout   model_type       iter     total time (s)       loss     train_loss       rmse        mae │
├─────────────────────────────────────────────────────────────────────────────────────────────────────────────────────────────────────────────────────────────────────────────────────────────────────────────┤
│ train_with_params_c3a7e7cb   RUNNING         0.00638205            128             32              3    0.260136   gcn                 1            531.697   0.948932        15.5208   0.974131   0.813986 │
╰─────────────────────────────────────────────────────────────────────────────────────────────────────────────────────────────────────────────────────────────────────────────────────────────────────────────╯
Trial status: 1 RUNNING
Current time: 2025-04-23 04:12:25. Total running time: 15min 0s
Logical resource usage: 4.0/16 CPUs, 0.5/2 GPUs (0.0/1.0 accelerator_type:A100)
Current best trial: c3a7e7cb with loss=0.9489315876277054 and params={'learning_rate': 0.00638204909515573, 'batch_size': 128, 'hidden_dim': 32, 'num_layers': 3, 'dropout': 0.2601364522768404, 'model_type': 'gcn'}
╭─────────────────────────────────────────────────────────────────────────────────────────────────────────────────────────────────────────────────────────────────────────────────────────────────────────────╮
│ Trial name                   status       learning_rate     batch_size     hidden_dim     num_layers     dropout   model_type       iter     total time (s)       loss     train_loss       rmse        mae │
├─────────────────────────────────────────────────────────────────────────────────────────────────────────────────────────────────────────────────────────────────────────────────────────────────────────────┤
│ train_with_params_c3a7e7cb   RUNNING         0.00638205            128             32              3    0.260136   gcn                 1            531.697   0.948932        15.5208   0.974131   0.813986 │
╰─────────────────────────────────────────────────────────────────────────────────────────────────────────────────────────────────────────────────────────────────────────────────────────────────────────────╯

Trial train_with_params_c3a7e7cb finished iteration 2 at 2025-04-23 04:12:32. Total running time: 15min 8s
╭──────────────────────────────────────────────────────╮
│ Trial train_with_params_c3a7e7cb result              │
├──────────────────────────────────────────────────────┤
│ checkpoint_dir_name                                  │
│ time_this_iter_s                             370.288 │
│ time_total_s                                 901.985 │
│ training_iteration                                 2 │
│ epoch                                              1 │
│ loss                                         0.94926 │
│ mae                                         0.814794 │
│ r2                                          -0.00037 │
│ rmse                                        0.974299 │
│ train_loss                                   0.94983 │
╰──────────────────────────────────────────────────────╯

Trial status: 1 RUNNING
Current time: 2025-04-23 04:12:55. Total running time: 15min 31s
Logical resource usage: 4.0/16 CPUs, 0.5/2 GPUs (0.0/1.0 accelerator_type:A100)
Current best trial: c3a7e7cb with loss=0.9492586798335068 and params={'learning_rate': 0.00638204909515573, 'batch_size': 128, 'hidden_dim': 32, 'num_layers': 3, 'dropout': 0.2601364522768404, 'model_type': 'gcn'}
╭─────────────────────────────────────────────────────────────────────────────────────────────────────────────────────────────────────────────────────────────────────────────────────────────────────────────╮
│ Trial name                   status       learning_rate     batch_size     hidden_dim     num_layers     dropout   model_type       iter     total time (s)       loss     train_loss       rmse        mae │
├─────────────────────────────────────────────────────────────────────────────────────────────────────────────────────────────────────────────────────────────────────────────────────────────────────────────┤
│ train_with_params_c3a7e7cb   RUNNING         0.00638205            128             32              3    0.260136   gcn                 2            901.985   0.949259       0.949833   0.974299   0.814794 │
╰─────────────────────────────────────────────────────────────────────────────────────────────────────────────────────────────────────────────────────────────────────────────────────────────────────────────╯
Trial status: 1 RUNNING
Current time: 2025-04-23 04:13:25. Total running time: 16min 1s
Logical resource usage: 4.0/16 CPUs, 0.5/2 GPUs (0.0/1.0 accelerator_type:A100)
Current best trial: c3a7e7cb with loss=0.9492586798335068 and params={'learning_rate': 0.00638204909515573, 'batch_size': 128, 'hidden_dim': 32, 'num_layers': 3, 'dropout': 0.2601364522768404, 'model_type': 'gcn'}
╭─────────────────────────────────────────────────────────────────────────────────────────────────────────────────────────────────────────────────────────────────────────────────────────────────────────────╮
│ Trial name                   status       learning_rate     batch_size     hidden_dim     num_layers     dropout   model_type       iter     total time (s)       loss     train_loss       rmse        mae │
├─────────────────────────────────────────────────────────────────────────────────────────────────────────────────────────────────────────────────────────────────────────────────────────────────────────────┤
│ train_with_params_c3a7e7cb   RUNNING         0.00638205            128             32              3    0.260136   gcn                 2            901.985   0.949259       0.949833   0.974299   0.814794 │
╰─────────────────────────────────────────────────────────────────────────────────────────────────────────────────────────────────────────────────────────────────────────────────────────────────────────────╯
Trial status: 1 RUNNING
Current time: 2025-04-23 04:13:55. Total running time: 16min 31s
Logical resource usage: 4.0/16 CPUs, 0.5/2 GPUs (0.0/1.0 accelerator_type:A100)
Current best trial: c3a7e7cb with loss=0.9492586798335068 and params={'learning_rate': 0.00638204909515573, 'batch_size': 128, 'hidden_dim': 32, 'num_layers': 3, 'dropout': 0.2601364522768404, 'model_type': 'gcn'}
╭─────────────────────────────────────────────────────────────────────────────────────────────────────────────────────────────────────────────────────────────────────────────────────────────────────────────╮
│ Trial name                   status       learning_rate     batch_size     hidden_dim     num_layers     dropout   model_type       iter     total time (s)       loss     train_loss       rmse        mae │
├─────────────────────────────────────────────────────────────────────────────────────────────────────────────────────────────────────────────────────────────────────────────────────────────────────────────┤
│ train_with_params_c3a7e7cb   RUNNING         0.00638205            128             32              3    0.260136   gcn                 2            901.985   0.949259       0.949833   0.974299   0.814794 │
╰─────────────────────────────────────────────────────────────────────────────────────────────────────────────────────────────────────────────────────────────────────────────────────────────────────────────╯
Trial status: 1 RUNNING
Current time: 2025-04-23 04:14:25. Total running time: 17min 1s
Logical resource usage: 4.0/16 CPUs, 0.5/2 GPUs (0.0/1.0 accelerator_type:A100)
Current best trial: c3a7e7cb with loss=0.9492586798335068 and params={'learning_rate': 0.00638204909515573, 'batch_size': 128, 'hidden_dim': 32, 'num_layers': 3, 'dropout': 0.2601364522768404, 'model_type': 'gcn'}
╭─────────────────────────────────────────────────────────────────────────────────────────────────────────────────────────────────────────────────────────────────────────────────────────────────────────────╮
│ Trial name                   status       learning_rate     batch_size     hidden_dim     num_layers     dropout   model_type       iter     total time (s)       loss     train_loss       rmse        mae │
├─────────────────────────────────────────────────────────────────────────────────────────────────────────────────────────────────────────────────────────────────────────────────────────────────────────────┤
│ train_with_params_c3a7e7cb   RUNNING         0.00638205            128             32              3    0.260136   gcn                 2            901.985   0.949259       0.949833   0.974299   0.814794 │
╰─────────────────────────────────────────────────────────────────────────────────────────────────────────────────────────────────────────────────────────────────────────────────────────────────────────────╯
Trial status: 1 RUNNING
Current time: 2025-04-23 04:14:55. Total running time: 17min 31s
Logical resource usage: 4.0/16 CPUs, 0.5/2 GPUs (0.0/1.0 accelerator_type:A100)
Current best trial: c3a7e7cb with loss=0.9492586798335068 and params={'learning_rate': 0.00638204909515573, 'batch_size': 128, 'hidden_dim': 32, 'num_layers': 3, 'dropout': 0.2601364522768404, 'model_type': 'gcn'}
╭─────────────────────────────────────────────────────────────────────────────────────────────────────────────────────────────────────────────────────────────────────────────────────────────────────────────╮
│ Trial name                   status       learning_rate     batch_size     hidden_dim     num_layers     dropout   model_type       iter     total time (s)       loss     train_loss       rmse        mae │
├─────────────────────────────────────────────────────────────────────────────────────────────────────────────────────────────────────────────────────────────────────────────────────────────────────────────┤
│ train_with_params_c3a7e7cb   RUNNING         0.00638205            128             32              3    0.260136   gcn                 2            901.985   0.949259       0.949833   0.974299   0.814794 │
╰─────────────────────────────────────────────────────────────────────────────────────────────────────────────────────────────────────────────────────────────────────────────────────────────────────────────╯
Trial status: 1 RUNNING
Current time: 2025-04-23 04:15:25. Total running time: 18min 1s
Logical resource usage: 4.0/16 CPUs, 0.5/2 GPUs (0.0/1.0 accelerator_type:A100)
Current best trial: c3a7e7cb with loss=0.9492586798335068 and params={'learning_rate': 0.00638204909515573, 'batch_size': 128, 'hidden_dim': 32, 'num_layers': 3, 'dropout': 0.2601364522768404, 'model_type': 'gcn'}
╭─────────────────────────────────────────────────────────────────────────────────────────────────────────────────────────────────────────────────────────────────────────────────────────────────────────────╮
│ Trial name                   status       learning_rate     batch_size     hidden_dim     num_layers     dropout   model_type       iter     total time (s)       loss     train_loss       rmse        mae │
├─────────────────────────────────────────────────────────────────────────────────────────────────────────────────────────────────────────────────────────────────────────────────────────────────────────────┤
│ train_with_params_c3a7e7cb   RUNNING         0.00638205            128             32              3    0.260136   gcn                 2            901.985   0.949259       0.949833   0.974299   0.814794 │
╰─────────────────────────────────────────────────────────────────────────────────────────────────────────────────────────────────────────────────────────────────────────────────────────────────────────────╯
Trial status: 1 RUNNING
Current time: 2025-04-23 04:15:55. Total running time: 18min 31s
Logical resource usage: 4.0/16 CPUs, 0.5/2 GPUs (0.0/1.0 accelerator_type:A100)
Current best trial: c3a7e7cb with loss=0.9492586798335068 and params={'learning_rate': 0.00638204909515573, 'batch_size': 128, 'hidden_dim': 32, 'num_layers': 3, 'dropout': 0.2601364522768404, 'model_type': 'gcn'}
╭─────────────────────────────────────────────────────────────────────────────────────────────────────────────────────────────────────────────────────────────────────────────────────────────────────────────╮
│ Trial name                   status       learning_rate     batch_size     hidden_dim     num_layers     dropout   model_type       iter     total time (s)       loss     train_loss       rmse        mae │
├─────────────────────────────────────────────────────────────────────────────────────────────────────────────────────────────────────────────────────────────────────────────────────────────────────────────┤
│ train_with_params_c3a7e7cb   RUNNING         0.00638205            128             32              3    0.260136   gcn                 2            901.985   0.949259       0.949833   0.974299   0.814794 │
╰─────────────────────────────────────────────────────────────────────────────────────────────────────────────────────────────────────────────────────────────────────────────────────────────────────────────╯
Trial status: 1 RUNNING
Current time: 2025-04-23 04:16:25. Total running time: 19min 1s
Logical resource usage: 4.0/16 CPUs, 0.5/2 GPUs (0.0/1.0 accelerator_type:A100)
Current best trial: c3a7e7cb with loss=0.9492586798335068 and params={'learning_rate': 0.00638204909515573, 'batch_size': 128, 'hidden_dim': 32, 'num_layers': 3, 'dropout': 0.2601364522768404, 'model_type': 'gcn'}
╭─────────────────────────────────────────────────────────────────────────────────────────────────────────────────────────────────────────────────────────────────────────────────────────────────────────────╮
│ Trial name                   status       learning_rate     batch_size     hidden_dim     num_layers     dropout   model_type       iter     total time (s)       loss     train_loss       rmse        mae │
├─────────────────────────────────────────────────────────────────────────────────────────────────────────────────────────────────────────────────────────────────────────────────────────────────────────────┤
│ train_with_params_c3a7e7cb   RUNNING         0.00638205            128             32              3    0.260136   gcn                 2            901.985   0.949259       0.949833   0.974299   0.814794 │
╰─────────────────────────────────────────────────────────────────────────────────────────────────────────────────────────────────────────────────────────────────────────────────────────────────────────────╯
Trial status: 1 RUNNING
Current time: 2025-04-23 04:16:55. Total running time: 19min 31s
Logical resource usage: 4.0/16 CPUs, 0.5/2 GPUs (0.0/1.0 accelerator_type:A100)
Current best trial: c3a7e7cb with loss=0.9492586798335068 and params={'learning_rate': 0.00638204909515573, 'batch_size': 128, 'hidden_dim': 32, 'num_layers': 3, 'dropout': 0.2601364522768404, 'model_type': 'gcn'}
╭─────────────────────────────────────────────────────────────────────────────────────────────────────────────────────────────────────────────────────────────────────────────────────────────────────────────╮
│ Trial name                   status       learning_rate     batch_size     hidden_dim     num_layers     dropout   model_type       iter     total time (s)       loss     train_loss       rmse        mae │
├─────────────────────────────────────────────────────────────────────────────────────────────────────────────────────────────────────────────────────────────────────────────────────────────────────────────┤
│ train_with_params_c3a7e7cb   RUNNING         0.00638205            128             32              3    0.260136   gcn                 2            901.985   0.949259       0.949833   0.974299   0.814794 │
╰─────────────────────────────────────────────────────────────────────────────────────────────────────────────────────────────────────────────────────────────────────────────────────────────────────────────╯
Trial status: 1 RUNNING
Current time: 2025-04-23 04:17:25. Total running time: 20min 1s
Logical resource usage: 4.0/16 CPUs, 0.5/2 GPUs (0.0/1.0 accelerator_type:A100)
Current best trial: c3a7e7cb with loss=0.9492586798335068 and params={'learning_rate': 0.00638204909515573, 'batch_size': 128, 'hidden_dim': 32, 'num_layers': 3, 'dropout': 0.2601364522768404, 'model_type': 'gcn'}
╭─────────────────────────────────────────────────────────────────────────────────────────────────────────────────────────────────────────────────────────────────────────────────────────────────────────────╮
│ Trial name                   status       learning_rate     batch_size     hidden_dim     num_layers     dropout   model_type       iter     total time (s)       loss     train_loss       rmse        mae │
├─────────────────────────────────────────────────────────────────────────────────────────────────────────────────────────────────────────────────────────────────────────────────────────────────────────────┤
│ train_with_params_c3a7e7cb   RUNNING         0.00638205            128             32              3    0.260136   gcn                 2            901.985   0.949259       0.949833   0.974299   0.814794 │
╰─────────────────────────────────────────────────────────────────────────────────────────────────────────────────────────────────────────────────────────────────────────────────────────────────────────────╯
Trial status: 1 RUNNING
Current time: 2025-04-23 04:17:55. Total running time: 20min 31s
Logical resource usage: 4.0/16 CPUs, 0.5/2 GPUs (0.0/1.0 accelerator_type:A100)
Current best trial: c3a7e7cb with loss=0.9492586798335068 and params={'learning_rate': 0.00638204909515573, 'batch_size': 128, 'hidden_dim': 32, 'num_layers': 3, 'dropout': 0.2601364522768404, 'model_type': 'gcn'}
╭─────────────────────────────────────────────────────────────────────────────────────────────────────────────────────────────────────────────────────────────────────────────────────────────────────────────╮
│ Trial name                   status       learning_rate     batch_size     hidden_dim     num_layers     dropout   model_type       iter     total time (s)       loss     train_loss       rmse        mae │
├─────────────────────────────────────────────────────────────────────────────────────────────────────────────────────────────────────────────────────────────────────────────────────────────────────────────┤
│ train_with_params_c3a7e7cb   RUNNING         0.00638205            128             32              3    0.260136   gcn                 2            901.985   0.949259       0.949833   0.974299   0.814794 │
╰─────────────────────────────────────────────────────────────────────────────────────────────────────────────────────────────────────────────────────────────────────────────────────────────────────────────╯
Trial status: 1 RUNNING
Current time: 2025-04-23 04:18:25. Total running time: 21min 1s
Logical resource usage: 4.0/16 CPUs, 0.5/2 GPUs (0.0/1.0 accelerator_type:A100)
Current best trial: c3a7e7cb with loss=0.9492586798335068 and params={'learning_rate': 0.00638204909515573, 'batch_size': 128, 'hidden_dim': 32, 'num_layers': 3, 'dropout': 0.2601364522768404, 'model_type': 'gcn'}
╭─────────────────────────────────────────────────────────────────────────────────────────────────────────────────────────────────────────────────────────────────────────────────────────────────────────────╮
│ Trial name                   status       learning_rate     batch_size     hidden_dim     num_layers     dropout   model_type       iter     total time (s)       loss     train_loss       rmse        mae │
├─────────────────────────────────────────────────────────────────────────────────────────────────────────────────────────────────────────────────────────────────────────────────────────────────────────────┤
│ train_with_params_c3a7e7cb   RUNNING         0.00638205            128             32              3    0.260136   gcn                 2            901.985   0.949259       0.949833   0.974299   0.814794 │
╰─────────────────────────────────────────────────────────────────────────────────────────────────────────────────────────────────────────────────────────────────────────────────────────────────────────────╯

Trial train_with_params_c3a7e7cb finished iteration 3 at 2025-04-23 04:18:41. Total running time: 21min 17s
╭──────────────────────────────────────────────────────╮
│ Trial train_with_params_c3a7e7cb result              │
├──────────────────────────────────────────────────────┤
│ checkpoint_dir_name                                  │
│ time_this_iter_s                             368.962 │
│ time_total_s                                 1270.95 │
│ training_iteration                                 3 │
│ epoch                                              2 │
│ loss                                         0.94902 │
│ mae                                         0.813857 │
│ r2                                          -0.00012 │
│ rmse                                        0.974174 │
│ train_loss                                   0.94973 │
╰──────────────────────────────────────────────────────╯

Trial status: 1 RUNNING
Current time: 2025-04-23 04:18:55. Total running time: 21min 31s
Logical resource usage: 4.0/16 CPUs, 0.5/2 GPUs (0.0/1.0 accelerator_type:A100)
Current best trial: c3a7e7cb with loss=0.9490155001603283 and params={'learning_rate': 0.00638204909515573, 'batch_size': 128, 'hidden_dim': 32, 'num_layers': 3, 'dropout': 0.2601364522768404, 'model_type': 'gcn'}
╭─────────────────────────────────────────────────────────────────────────────────────────────────────────────────────────────────────────────────────────────────────────────────────────────────────────────╮
│ Trial name                   status       learning_rate     batch_size     hidden_dim     num_layers     dropout   model_type       iter     total time (s)       loss     train_loss       rmse        mae │
├─────────────────────────────────────────────────────────────────────────────────────────────────────────────────────────────────────────────────────────────────────────────────────────────────────────────┤
│ train_with_params_c3a7e7cb   RUNNING         0.00638205            128             32              3    0.260136   gcn                 3            1270.95   0.949016       0.949732   0.974174   0.813857 │
╰─────────────────────────────────────────────────────────────────────────────────────────────────────────────────────────────────────────────────────────────────────────────────────────────────────────────╯
Trial status: 1 RUNNING
Current time: 2025-04-23 04:19:25. Total running time: 22min 1s
Logical resource usage: 4.0/16 CPUs, 0.5/2 GPUs (0.0/1.0 accelerator_type:A100)
Current best trial: c3a7e7cb with loss=0.9490155001603283 and params={'learning_rate': 0.00638204909515573, 'batch_size': 128, 'hidden_dim': 32, 'num_layers': 3, 'dropout': 0.2601364522768404, 'model_type': 'gcn'}
╭─────────────────────────────────────────────────────────────────────────────────────────────────────────────────────────────────────────────────────────────────────────────────────────────────────────────╮
│ Trial name                   status       learning_rate     batch_size     hidden_dim     num_layers     dropout   model_type       iter     total time (s)       loss     train_loss       rmse        mae │
├─────────────────────────────────────────────────────────────────────────────────────────────────────────────────────────────────────────────────────────────────────────────────────────────────────────────┤
│ train_with_params_c3a7e7cb   RUNNING         0.00638205            128             32              3    0.260136   gcn                 3            1270.95   0.949016       0.949732   0.974174   0.813857 │
╰─────────────────────────────────────────────────────────────────────────────────────────────────────────────────────────────────────────────────────────────────────────────────────────────────────────────╯
Trial status: 1 RUNNING
Current time: 2025-04-23 04:19:55. Total running time: 22min 31s
Logical resource usage: 4.0/16 CPUs, 0.5/2 GPUs (0.0/1.0 accelerator_type:A100)
Current best trial: c3a7e7cb with loss=0.9490155001603283 and params={'learning_rate': 0.00638204909515573, 'batch_size': 128, 'hidden_dim': 32, 'num_layers': 3, 'dropout': 0.2601364522768404, 'model_type': 'gcn'}
╭─────────────────────────────────────────────────────────────────────────────────────────────────────────────────────────────────────────────────────────────────────────────────────────────────────────────╮
│ Trial name                   status       learning_rate     batch_size     hidden_dim     num_layers     dropout   model_type       iter     total time (s)       loss     train_loss       rmse        mae │
├─────────────────────────────────────────────────────────────────────────────────────────────────────────────────────────────────────────────────────────────────────────────────────────────────────────────┤
│ train_with_params_c3a7e7cb   RUNNING         0.00638205            128             32              3    0.260136   gcn                 3            1270.95   0.949016       0.949732   0.974174   0.813857 │
╰─────────────────────────────────────────────────────────────────────────────────────────────────────────────────────────────────────────────────────────────────────────────────────────────────────────────╯
Trial status: 1 RUNNING
Current time: 2025-04-23 04:20:25. Total running time: 23min 1s
Logical resource usage: 4.0/16 CPUs, 0.5/2 GPUs (0.0/1.0 accelerator_type:A100)
Current best trial: c3a7e7cb with loss=0.9490155001603283 and params={'learning_rate': 0.00638204909515573, 'batch_size': 128, 'hidden_dim': 32, 'num_layers': 3, 'dropout': 0.2601364522768404, 'model_type': 'gcn'}
╭─────────────────────────────────────────────────────────────────────────────────────────────────────────────────────────────────────────────────────────────────────────────────────────────────────────────╮
│ Trial name                   status       learning_rate     batch_size     hidden_dim     num_layers     dropout   model_type       iter     total time (s)       loss     train_loss       rmse        mae │
├─────────────────────────────────────────────────────────────────────────────────────────────────────────────────────────────────────────────────────────────────────────────────────────────────────────────┤
│ train_with_params_c3a7e7cb   RUNNING         0.00638205            128             32              3    0.260136   gcn                 3            1270.95   0.949016       0.949732   0.974174   0.813857 │
╰─────────────────────────────────────────────────────────────────────────────────────────────────────────────────────────────────────────────────────────────────────────────────────────────────────────────╯
Trial status: 1 RUNNING
Current time: 2025-04-23 04:20:55. Total running time: 23min 31s
Logical resource usage: 4.0/16 CPUs, 0.5/2 GPUs (0.0/1.0 accelerator_type:A100)
Current best trial: c3a7e7cb with loss=0.9490155001603283 and params={'learning_rate': 0.00638204909515573, 'batch_size': 128, 'hidden_dim': 32, 'num_layers': 3, 'dropout': 0.2601364522768404, 'model_type': 'gcn'}
╭─────────────────────────────────────────────────────────────────────────────────────────────────────────────────────────────────────────────────────────────────────────────────────────────────────────────╮
│ Trial name                   status       learning_rate     batch_size     hidden_dim     num_layers     dropout   model_type       iter     total time (s)       loss     train_loss       rmse        mae │
├─────────────────────────────────────────────────────────────────────────────────────────────────────────────────────────────────────────────────────────────────────────────────────────────────────────────┤
│ train_with_params_c3a7e7cb   RUNNING         0.00638205            128             32              3    0.260136   gcn                 3            1270.95   0.949016       0.949732   0.974174   0.813857 │
╰─────────────────────────────────────────────────────────────────────────────────────────────────────────────────────────────────────────────────────────────────────────────────────────────────────────────╯
Trial status: 1 RUNNING
Current time: 2025-04-23 04:21:25. Total running time: 24min 1s
Logical resource usage: 4.0/16 CPUs, 0.5/2 GPUs (0.0/1.0 accelerator_type:A100)
Current best trial: c3a7e7cb with loss=0.9490155001603283 and params={'learning_rate': 0.00638204909515573, 'batch_size': 128, 'hidden_dim': 32, 'num_layers': 3, 'dropout': 0.2601364522768404, 'model_type': 'gcn'}
╭─────────────────────────────────────────────────────────────────────────────────────────────────────────────────────────────────────────────────────────────────────────────────────────────────────────────╮
│ Trial name                   status       learning_rate     batch_size     hidden_dim     num_layers     dropout   model_type       iter     total time (s)       loss     train_loss       rmse        mae │
├─────────────────────────────────────────────────────────────────────────────────────────────────────────────────────────────────────────────────────────────────────────────────────────────────────────────┤
│ train_with_params_c3a7e7cb   RUNNING         0.00638205            128             32              3    0.260136   gcn                 3            1270.95   0.949016       0.949732   0.974174   0.813857 │
╰─────────────────────────────────────────────────────────────────────────────────────────────────────────────────────────────────────────────────────────────────────────────────────────────────────────────╯
Trial status: 1 RUNNING
Current time: 2025-04-23 04:21:56. Total running time: 24min 31s
Logical resource usage: 4.0/16 CPUs, 0.5/2 GPUs (0.0/1.0 accelerator_type:A100)
Current best trial: c3a7e7cb with loss=0.9490155001603283 and params={'learning_rate': 0.00638204909515573, 'batch_size': 128, 'hidden_dim': 32, 'num_layers': 3, 'dropout': 0.2601364522768404, 'model_type': 'gcn'}
╭─────────────────────────────────────────────────────────────────────────────────────────────────────────────────────────────────────────────────────────────────────────────────────────────────────────────╮
│ Trial name                   status       learning_rate     batch_size     hidden_dim     num_layers     dropout   model_type       iter     total time (s)       loss     train_loss       rmse        mae │
├─────────────────────────────────────────────────────────────────────────────────────────────────────────────────────────────────────────────────────────────────────────────────────────────────────────────┤
│ train_with_params_c3a7e7cb   RUNNING         0.00638205            128             32              3    0.260136   gcn                 3            1270.95   0.949016       0.949732   0.974174   0.813857 │
╰─────────────────────────────────────────────────────────────────────────────────────────────────────────────────────────────────────────────────────────────────────────────────────────────────────────────╯
Trial status: 1 RUNNING
Current time: 2025-04-23 04:22:26. Total running time: 25min 1s
Logical resource usage: 4.0/16 CPUs, 0.5/2 GPUs (0.0/1.0 accelerator_type:A100)
Current best trial: c3a7e7cb with loss=0.9490155001603283 and params={'learning_rate': 0.00638204909515573, 'batch_size': 128, 'hidden_dim': 32, 'num_layers': 3, 'dropout': 0.2601364522768404, 'model_type': 'gcn'}
╭─────────────────────────────────────────────────────────────────────────────────────────────────────────────────────────────────────────────────────────────────────────────────────────────────────────────╮
│ Trial name                   status       learning_rate     batch_size     hidden_dim     num_layers     dropout   model_type       iter     total time (s)       loss     train_loss       rmse        mae │
├─────────────────────────────────────────────────────────────────────────────────────────────────────────────────────────────────────────────────────────────────────────────────────────────────────────────┤
│ train_with_params_c3a7e7cb   RUNNING         0.00638205            128             32              3    0.260136   gcn                 3            1270.95   0.949016       0.949732   0.974174   0.813857 │
╰─────────────────────────────────────────────────────────────────────────────────────────────────────────────────────────────────────────────────────────────────────────────────────────────────────────────╯
Trial status: 1 RUNNING
Current time: 2025-04-23 04:22:56. Total running time: 25min 31s
Logical resource usage: 4.0/16 CPUs, 0.5/2 GPUs (0.0/1.0 accelerator_type:A100)
Current best trial: c3a7e7cb with loss=0.9490155001603283 and params={'learning_rate': 0.00638204909515573, 'batch_size': 128, 'hidden_dim': 32, 'num_layers': 3, 'dropout': 0.2601364522768404, 'model_type': 'gcn'}
╭─────────────────────────────────────────────────────────────────────────────────────────────────────────────────────────────────────────────────────────────────────────────────────────────────────────────╮
│ Trial name                   status       learning_rate     batch_size     hidden_dim     num_layers     dropout   model_type       iter     total time (s)       loss     train_loss       rmse        mae │
├─────────────────────────────────────────────────────────────────────────────────────────────────────────────────────────────────────────────────────────────────────────────────────────────────────────────┤
│ train_with_params_c3a7e7cb   RUNNING         0.00638205            128             32              3    0.260136   gcn                 3            1270.95   0.949016       0.949732   0.974174   0.813857 │
╰─────────────────────────────────────────────────────────────────────────────────────────────────────────────────────────────────────────────────────────────────────────────────────────────────────────────╯
Trial status: 1 RUNNING
Current time: 2025-04-23 04:23:26. Total running time: 26min 1s
Logical resource usage: 4.0/16 CPUs, 0.5/2 GPUs (0.0/1.0 accelerator_type:A100)
Current best trial: c3a7e7cb with loss=0.9490155001603283 and params={'learning_rate': 0.00638204909515573, 'batch_size': 128, 'hidden_dim': 32, 'num_layers': 3, 'dropout': 0.2601364522768404, 'model_type': 'gcn'}
╭─────────────────────────────────────────────────────────────────────────────────────────────────────────────────────────────────────────────────────────────────────────────────────────────────────────────╮
│ Trial name                   status       learning_rate     batch_size     hidden_dim     num_layers     dropout   model_type       iter     total time (s)       loss     train_loss       rmse        mae │
├─────────────────────────────────────────────────────────────────────────────────────────────────────────────────────────────────────────────────────────────────────────────────────────────────────────────┤
│ train_with_params_c3a7e7cb   RUNNING         0.00638205            128             32              3    0.260136   gcn                 3            1270.95   0.949016       0.949732   0.974174   0.813857 │
╰─────────────────────────────────────────────────────────────────────────────────────────────────────────────────────────────────────────────────────────────────────────────────────────────────────────────╯
Trial status: 1 RUNNING
Current time: 2025-04-23 04:23:56. Total running time: 26min 31s
Logical resource usage: 4.0/16 CPUs, 0.5/2 GPUs (0.0/1.0 accelerator_type:A100)
Current best trial: c3a7e7cb with loss=0.9490155001603283 and params={'learning_rate': 0.00638204909515573, 'batch_size': 128, 'hidden_dim': 32, 'num_layers': 3, 'dropout': 0.2601364522768404, 'model_type': 'gcn'}
╭─────────────────────────────────────────────────────────────────────────────────────────────────────────────────────────────────────────────────────────────────────────────────────────────────────────────╮
│ Trial name                   status       learning_rate     batch_size     hidden_dim     num_layers     dropout   model_type       iter     total time (s)       loss     train_loss       rmse        mae │
├─────────────────────────────────────────────────────────────────────────────────────────────────────────────────────────────────────────────────────────────────────────────────────────────────────────────┤
│ train_with_params_c3a7e7cb   RUNNING         0.00638205            128             32              3    0.260136   gcn                 3            1270.95   0.949016       0.949732   0.974174   0.813857 │
╰─────────────────────────────────────────────────────────────────────────────────────────────────────────────────────────────────────────────────────────────────────────────────────────────────────────────╯
Trial status: 1 RUNNING
Current time: 2025-04-23 04:24:26. Total running time: 27min 1s
Logical resource usage: 4.0/16 CPUs, 0.5/2 GPUs (0.0/1.0 accelerator_type:A100)
Current best trial: c3a7e7cb with loss=0.9490155001603283 and params={'learning_rate': 0.00638204909515573, 'batch_size': 128, 'hidden_dim': 32, 'num_layers': 3, 'dropout': 0.2601364522768404, 'model_type': 'gcn'}
╭─────────────────────────────────────────────────────────────────────────────────────────────────────────────────────────────────────────────────────────────────────────────────────────────────────────────╮
│ Trial name                   status       learning_rate     batch_size     hidden_dim     num_layers     dropout   model_type       iter     total time (s)       loss     train_loss       rmse        mae │
├─────────────────────────────────────────────────────────────────────────────────────────────────────────────────────────────────────────────────────────────────────────────────────────────────────────────┤
│ train_with_params_c3a7e7cb   RUNNING         0.00638205            128             32              3    0.260136   gcn                 3            1270.95   0.949016       0.949732   0.974174   0.813857 │
╰─────────────────────────────────────────────────────────────────────────────────────────────────────────────────────────────────────────────────────────────────────────────────────────────────────────────╯

Trial train_with_params_c3a7e7cb finished iteration 4 at 2025-04-23 04:24:51. Total running time: 27min 26s
╭──────────────────────────────────────────────────────╮
│ Trial train_with_params_c3a7e7cb result              │
├──────────────────────────────────────────────────────┤
│ checkpoint_dir_name                                  │
│ time_this_iter_s                             369.514 │
│ time_total_s                                 1640.46 │
│ training_iteration                                 4 │
│ epoch                                              3 │
│ loss                                         0.94933 │
│ mae                                         0.813657 │
│ r2                                          -0.00045 │
│ rmse                                        0.974337 │
│ train_loss                                   0.94971 │
╰──────────────────────────────────────────────────────╯

Trial status: 1 RUNNING
Current time: 2025-04-23 04:24:56. Total running time: 27min 31s
Logical resource usage: 4.0/16 CPUs, 0.5/2 GPUs (0.0/1.0 accelerator_type:A100)
Current best trial: c3a7e7cb with loss=0.9493325187108209 and params={'learning_rate': 0.00638204909515573, 'batch_size': 128, 'hidden_dim': 32, 'num_layers': 3, 'dropout': 0.2601364522768404, 'model_type': 'gcn'}
╭─────────────────────────────────────────────────────────────────────────────────────────────────────────────────────────────────────────────────────────────────────────────────────────────────────────────╮
│ Trial name                   status       learning_rate     batch_size     hidden_dim     num_layers     dropout   model_type       iter     total time (s)       loss     train_loss       rmse        mae │
├─────────────────────────────────────────────────────────────────────────────────────────────────────────────────────────────────────────────────────────────────────────────────────────────────────────────┤
│ train_with_params_c3a7e7cb   RUNNING         0.00638205            128             32              3    0.260136   gcn                 4            1640.46   0.949333       0.949706   0.974337   0.813657 │
╰─────────────────────────────────────────────────────────────────────────────────────────────────────────────────────────────────────────────────────────────────────────────────────────────────────────────╯
Trial status: 1 RUNNING
Current time: 2025-04-23 04:25:26. Total running time: 28min 1s
Logical resource usage: 4.0/16 CPUs, 0.5/2 GPUs (0.0/1.0 accelerator_type:A100)
Current best trial: c3a7e7cb with loss=0.9493325187108209 and params={'learning_rate': 0.00638204909515573, 'batch_size': 128, 'hidden_dim': 32, 'num_layers': 3, 'dropout': 0.2601364522768404, 'model_type': 'gcn'}
╭─────────────────────────────────────────────────────────────────────────────────────────────────────────────────────────────────────────────────────────────────────────────────────────────────────────────╮
│ Trial name                   status       learning_rate     batch_size     hidden_dim     num_layers     dropout   model_type       iter     total time (s)       loss     train_loss       rmse        mae │
├─────────────────────────────────────────────────────────────────────────────────────────────────────────────────────────────────────────────────────────────────────────────────────────────────────────────┤
│ train_with_params_c3a7e7cb   RUNNING         0.00638205            128             32              3    0.260136   gcn                 4            1640.46   0.949333       0.949706   0.974337   0.813657 │
╰─────────────────────────────────────────────────────────────────────────────────────────────────────────────────────────────────────────────────────────────────────────────────────────────────────────────╯
Trial status: 1 RUNNING
Current time: 2025-04-23 04:25:56. Total running time: 28min 31s
Logical resource usage: 4.0/16 CPUs, 0.5/2 GPUs (0.0/1.0 accelerator_type:A100)
Current best trial: c3a7e7cb with loss=0.9493325187108209 and params={'learning_rate': 0.00638204909515573, 'batch_size': 128, 'hidden_dim': 32, 'num_layers': 3, 'dropout': 0.2601364522768404, 'model_type': 'gcn'}
╭─────────────────────────────────────────────────────────────────────────────────────────────────────────────────────────────────────────────────────────────────────────────────────────────────────────────╮
│ Trial name                   status       learning_rate     batch_size     hidden_dim     num_layers     dropout   model_type       iter     total time (s)       loss     train_loss       rmse        mae │
├─────────────────────────────────────────────────────────────────────────────────────────────────────────────────────────────────────────────────────────────────────────────────────────────────────────────┤
│ train_with_params_c3a7e7cb   RUNNING         0.00638205            128             32              3    0.260136   gcn                 4            1640.46   0.949333       0.949706   0.974337   0.813657 │
╰─────────────────────────────────────────────────────────────────────────────────────────────────────────────────────────────────────────────────────────────────────────────────────────────────────────────╯
Trial status: 1 RUNNING
Current time: 2025-04-23 04:26:26. Total running time: 29min 1s
Logical resource usage: 4.0/16 CPUs, 0.5/2 GPUs (0.0/1.0 accelerator_type:A100)
Current best trial: c3a7e7cb with loss=0.9493325187108209 and params={'learning_rate': 0.00638204909515573, 'batch_size': 128, 'hidden_dim': 32, 'num_layers': 3, 'dropout': 0.2601364522768404, 'model_type': 'gcn'}
╭─────────────────────────────────────────────────────────────────────────────────────────────────────────────────────────────────────────────────────────────────────────────────────────────────────────────╮
│ Trial name                   status       learning_rate     batch_size     hidden_dim     num_layers     dropout   model_type       iter     total time (s)       loss     train_loss       rmse        mae │
├─────────────────────────────────────────────────────────────────────────────────────────────────────────────────────────────────────────────────────────────────────────────────────────────────────────────┤
│ train_with_params_c3a7e7cb   RUNNING         0.00638205            128             32              3    0.260136   gcn                 4            1640.46   0.949333       0.949706   0.974337   0.813657 │
╰─────────────────────────────────────────────────────────────────────────────────────────────────────────────────────────────────────────────────────────────────────────────────────────────────────────────╯
Trial status: 1 RUNNING
Current time: 2025-04-23 04:26:56. Total running time: 29min 31s
Logical resource usage: 4.0/16 CPUs, 0.5/2 GPUs (0.0/1.0 accelerator_type:A100)
Current best trial: c3a7e7cb with loss=0.9493325187108209 and params={'learning_rate': 0.00638204909515573, 'batch_size': 128, 'hidden_dim': 32, 'num_layers': 3, 'dropout': 0.2601364522768404, 'model_type': 'gcn'}
╭─────────────────────────────────────────────────────────────────────────────────────────────────────────────────────────────────────────────────────────────────────────────────────────────────────────────╮
│ Trial name                   status       learning_rate     batch_size     hidden_dim     num_layers     dropout   model_type       iter     total time (s)       loss     train_loss       rmse        mae │
├─────────────────────────────────────────────────────────────────────────────────────────────────────────────────────────────────────────────────────────────────────────────────────────────────────────────┤
│ train_with_params_c3a7e7cb   RUNNING         0.00638205            128             32              3    0.260136   gcn                 4            1640.46   0.949333       0.949706   0.974337   0.813657 │
╰─────────────────────────────────────────────────────────────────────────────────────────────────────────────────────────────────────────────────────────────────────────────────────────────────────────────╯
Trial status: 1 RUNNING
Current time: 2025-04-23 04:27:26. Total running time: 30min 1s
Logical resource usage: 4.0/16 CPUs, 0.5/2 GPUs (0.0/1.0 accelerator_type:A100)
Current best trial: c3a7e7cb with loss=0.9493325187108209 and params={'learning_rate': 0.00638204909515573, 'batch_size': 128, 'hidden_dim': 32, 'num_layers': 3, 'dropout': 0.2601364522768404, 'model_type': 'gcn'}
╭─────────────────────────────────────────────────────────────────────────────────────────────────────────────────────────────────────────────────────────────────────────────────────────────────────────────╮
│ Trial name                   status       learning_rate     batch_size     hidden_dim     num_layers     dropout   model_type       iter     total time (s)       loss     train_loss       rmse        mae │
├─────────────────────────────────────────────────────────────────────────────────────────────────────────────────────────────────────────────────────────────────────────────────────────────────────────────┤
│ train_with_params_c3a7e7cb   RUNNING         0.00638205            128             32              3    0.260136   gcn                 4            1640.46   0.949333       0.949706   0.974337   0.813657 │
╰─────────────────────────────────────────────────────────────────────────────────────────────────────────────────────────────────────────────────────────────────────────────────────────────────────────────╯
Trial status: 1 RUNNING
Current time: 2025-04-23 04:27:56. Total running time: 30min 31s
Logical resource usage: 4.0/16 CPUs, 0.5/2 GPUs (0.0/1.0 accelerator_type:A100)
Current best trial: c3a7e7cb with loss=0.9493325187108209 and params={'learning_rate': 0.00638204909515573, 'batch_size': 128, 'hidden_dim': 32, 'num_layers': 3, 'dropout': 0.2601364522768404, 'model_type': 'gcn'}
╭─────────────────────────────────────────────────────────────────────────────────────────────────────────────────────────────────────────────────────────────────────────────────────────────────────────────╮
│ Trial name                   status       learning_rate     batch_size     hidden_dim     num_layers     dropout   model_type       iter     total time (s)       loss     train_loss       rmse        mae │
├─────────────────────────────────────────────────────────────────────────────────────────────────────────────────────────────────────────────────────────────────────────────────────────────────────────────┤
│ train_with_params_c3a7e7cb   RUNNING         0.00638205            128             32              3    0.260136   gcn                 4            1640.46   0.949333       0.949706   0.974337   0.813657 │
╰─────────────────────────────────────────────────────────────────────────────────────────────────────────────────────────────────────────────────────────────────────────────────────────────────────────────╯
Trial status: 1 RUNNING
Current time: 2025-04-23 04:28:26. Total running time: 31min 1s
Logical resource usage: 4.0/16 CPUs, 0.5/2 GPUs (0.0/1.0 accelerator_type:A100)
Current best trial: c3a7e7cb with loss=0.9493325187108209 and params={'learning_rate': 0.00638204909515573, 'batch_size': 128, 'hidden_dim': 32, 'num_layers': 3, 'dropout': 0.2601364522768404, 'model_type': 'gcn'}
╭─────────────────────────────────────────────────────────────────────────────────────────────────────────────────────────────────────────────────────────────────────────────────────────────────────────────╮
│ Trial name                   status       learning_rate     batch_size     hidden_dim     num_layers     dropout   model_type       iter     total time (s)       loss     train_loss       rmse        mae │
├─────────────────────────────────────────────────────────────────────────────────────────────────────────────────────────────────────────────────────────────────────────────────────────────────────────────┤
│ train_with_params_c3a7e7cb   RUNNING         0.00638205            128             32              3    0.260136   gcn                 4            1640.46   0.949333       0.949706   0.974337   0.813657 │
╰─────────────────────────────────────────────────────────────────────────────────────────────────────────────────────────────────────────────────────────────────────────────────────────────────────────────╯
Trial status: 1 RUNNING
Current time: 2025-04-23 04:28:56. Total running time: 31min 31s
Logical resource usage: 4.0/16 CPUs, 0.5/2 GPUs (0.0/1.0 accelerator_type:A100)
Current best trial: c3a7e7cb with loss=0.9493325187108209 and params={'learning_rate': 0.00638204909515573, 'batch_size': 128, 'hidden_dim': 32, 'num_layers': 3, 'dropout': 0.2601364522768404, 'model_type': 'gcn'}
╭─────────────────────────────────────────────────────────────────────────────────────────────────────────────────────────────────────────────────────────────────────────────────────────────────────────────╮
│ Trial name                   status       learning_rate     batch_size     hidden_dim     num_layers     dropout   model_type       iter     total time (s)       loss     train_loss       rmse        mae │
├─────────────────────────────────────────────────────────────────────────────────────────────────────────────────────────────────────────────────────────────────────────────────────────────────────────────┤
│ train_with_params_c3a7e7cb   RUNNING         0.00638205            128             32              3    0.260136   gcn                 4            1640.46   0.949333       0.949706   0.974337   0.813657 │
╰─────────────────────────────────────────────────────────────────────────────────────────────────────────────────────────────────────────────────────────────────────────────────────────────────────────────╯
Trial status: 1 RUNNING
Current time: 2025-04-23 04:29:26. Total running time: 32min 2s
Logical resource usage: 4.0/16 CPUs, 0.5/2 GPUs (0.0/1.0 accelerator_type:A100)
Current best trial: c3a7e7cb with loss=0.9493325187108209 and params={'learning_rate': 0.00638204909515573, 'batch_size': 128, 'hidden_dim': 32, 'num_layers': 3, 'dropout': 0.2601364522768404, 'model_type': 'gcn'}
╭─────────────────────────────────────────────────────────────────────────────────────────────────────────────────────────────────────────────────────────────────────────────────────────────────────────────╮
│ Trial name                   status       learning_rate     batch_size     hidden_dim     num_layers     dropout   model_type       iter     total time (s)       loss     train_loss       rmse        mae │
├─────────────────────────────────────────────────────────────────────────────────────────────────────────────────────────────────────────────────────────────────────────────────────────────────────────────┤
│ train_with_params_c3a7e7cb   RUNNING         0.00638205            128             32              3    0.260136   gcn                 4            1640.46   0.949333       0.949706   0.974337   0.813657 │
╰─────────────────────────────────────────────────────────────────────────────────────────────────────────────────────────────────────────────────────────────────────────────────────────────────────────────╯
Trial status: 1 RUNNING
Current time: 2025-04-23 04:29:56. Total running time: 32min 32s
Logical resource usage: 4.0/16 CPUs, 0.5/2 GPUs (0.0/1.0 accelerator_type:A100)
Current best trial: c3a7e7cb with loss=0.9493325187108209 and params={'learning_rate': 0.00638204909515573, 'batch_size': 128, 'hidden_dim': 32, 'num_layers': 3, 'dropout': 0.2601364522768404, 'model_type': 'gcn'}
╭─────────────────────────────────────────────────────────────────────────────────────────────────────────────────────────────────────────────────────────────────────────────────────────────────────────────╮
│ Trial name                   status       learning_rate     batch_size     hidden_dim     num_layers     dropout   model_type       iter     total time (s)       loss     train_loss       rmse        mae │
├─────────────────────────────────────────────────────────────────────────────────────────────────────────────────────────────────────────────────────────────────────────────────────────────────────────────┤
│ train_with_params_c3a7e7cb   RUNNING         0.00638205            128             32              3    0.260136   gcn                 4            1640.46   0.949333       0.949706   0.974337   0.813657 │
╰─────────────────────────────────────────────────────────────────────────────────────────────────────────────────────────────────────────────────────────────────────────────────────────────────────────────╯
Trial status: 1 RUNNING
Current time: 2025-04-23 04:30:26. Total running time: 33min 2s
Logical resource usage: 4.0/16 CPUs, 0.5/2 GPUs (0.0/1.0 accelerator_type:A100)
Current best trial: c3a7e7cb with loss=0.9493325187108209 and params={'learning_rate': 0.00638204909515573, 'batch_size': 128, 'hidden_dim': 32, 'num_layers': 3, 'dropout': 0.2601364522768404, 'model_type': 'gcn'}
╭─────────────────────────────────────────────────────────────────────────────────────────────────────────────────────────────────────────────────────────────────────────────────────────────────────────────╮
│ Trial name                   status       learning_rate     batch_size     hidden_dim     num_layers     dropout   model_type       iter     total time (s)       loss     train_loss       rmse        mae │
├─────────────────────────────────────────────────────────────────────────────────────────────────────────────────────────────────────────────────────────────────────────────────────────────────────────────┤
│ train_with_params_c3a7e7cb   RUNNING         0.00638205            128             32              3    0.260136   gcn                 4            1640.46   0.949333       0.949706   0.974337   0.813657 │
╰─────────────────────────────────────────────────────────────────────────────────────────────────────────────────────────────────────────────────────────────────────────────────────────────────────────────╯
Trial status: 1 RUNNING
Current time: 2025-04-23 04:30:56. Total running time: 33min 32s
Logical resource usage: 4.0/16 CPUs, 0.5/2 GPUs (0.0/1.0 accelerator_type:A100)
Current best trial: c3a7e7cb with loss=0.9493325187108209 and params={'learning_rate': 0.00638204909515573, 'batch_size': 128, 'hidden_dim': 32, 'num_layers': 3, 'dropout': 0.2601364522768404, 'model_type': 'gcn'}
╭─────────────────────────────────────────────────────────────────────────────────────────────────────────────────────────────────────────────────────────────────────────────────────────────────────────────╮
│ Trial name                   status       learning_rate     batch_size     hidden_dim     num_layers     dropout   model_type       iter     total time (s)       loss     train_loss       rmse        mae │
├─────────────────────────────────────────────────────────────────────────────────────────────────────────────────────────────────────────────────────────────────────────────────────────────────────────────┤
│ train_with_params_c3a7e7cb   RUNNING         0.00638205            128             32              3    0.260136   gcn                 4            1640.46   0.949333       0.949706   0.974337   0.813657 │
╰─────────────────────────────────────────────────────────────────────────────────────────────────────────────────────────────────────────────────────────────────────────────────────────────────────────────╯

Trial train_with_params_c3a7e7cb finished iteration 5 at 2025-04-23 04:31:00. Total running time: 33min 35s
╭──────────────────────────────────────────────────────╮
│ Trial train_with_params_c3a7e7cb result              │
├──────────────────────────────────────────────────────┤
│ checkpoint_dir_name                                  │
│ time_this_iter_s                             368.743 │
│ time_total_s                                  2009.2 │
│ training_iteration                                 5 │
│ epoch                                              4 │
│ loss                                         0.94897 │
│ mae                                         0.814387 │
│ r2                                            -7e-05 │
│ rmse                                         0.97415 │
│ train_loss                                   0.94971 │
╰──────────────────────────────────────────────────────╯

Trial status: 1 RUNNING
Current time: 2025-04-23 04:31:26. Total running time: 34min 2s
Logical resource usage: 4.0/16 CPUs, 0.5/2 GPUs (0.0/1.0 accelerator_type:A100)
Current best trial: c3a7e7cb with loss=0.9489686583589647 and params={'learning_rate': 0.00638204909515573, 'batch_size': 128, 'hidden_dim': 32, 'num_layers': 3, 'dropout': 0.2601364522768404, 'model_type': 'gcn'}
╭────────────────────────────────────────────────────────────────────────────────────────────────────────────────────────────────────────────────────────────────────────────────────────────────────────────╮
│ Trial name                   status       learning_rate     batch_size     hidden_dim     num_layers     dropout   model_type       iter     total time (s)       loss     train_loss      rmse        mae │
├────────────────────────────────────────────────────────────────────────────────────────────────────────────────────────────────────────────────────────────────────────────────────────────────────────────┤
│ train_with_params_c3a7e7cb   RUNNING         0.00638205            128             32              3    0.260136   gcn                 5             2009.2   0.948969       0.949714   0.97415   0.814387 │
╰────────────────────────────────────────────────────────────────────────────────────────────────────────────────────────────────────────────────────────────────────────────────────────────────────────────╯
Trial status: 1 RUNNING
Current time: 2025-04-23 04:31:56. Total running time: 34min 32s
Logical resource usage: 4.0/16 CPUs, 0.5/2 GPUs (0.0/1.0 accelerator_type:A100)
Current best trial: c3a7e7cb with loss=0.9489686583589647 and params={'learning_rate': 0.00638204909515573, 'batch_size': 128, 'hidden_dim': 32, 'num_layers': 3, 'dropout': 0.2601364522768404, 'model_type': 'gcn'}
╭────────────────────────────────────────────────────────────────────────────────────────────────────────────────────────────────────────────────────────────────────────────────────────────────────────────╮
│ Trial name                   status       learning_rate     batch_size     hidden_dim     num_layers     dropout   model_type       iter     total time (s)       loss     train_loss      rmse        mae │
├────────────────────────────────────────────────────────────────────────────────────────────────────────────────────────────────────────────────────────────────────────────────────────────────────────────┤
│ train_with_params_c3a7e7cb   RUNNING         0.00638205            128             32              3    0.260136   gcn                 5             2009.2   0.948969       0.949714   0.97415   0.814387 │
╰────────────────────────────────────────────────────────────────────────────────────────────────────────────────────────────────────────────────────────────────────────────────────────────────────────────╯
Trial status: 1 RUNNING
Current time: 2025-04-23 04:32:26. Total running time: 35min 2s
Logical resource usage: 4.0/16 CPUs, 0.5/2 GPUs (0.0/1.0 accelerator_type:A100)
Current best trial: c3a7e7cb with loss=0.9489686583589647 and params={'learning_rate': 0.00638204909515573, 'batch_size': 128, 'hidden_dim': 32, 'num_layers': 3, 'dropout': 0.2601364522768404, 'model_type': 'gcn'}
╭────────────────────────────────────────────────────────────────────────────────────────────────────────────────────────────────────────────────────────────────────────────────────────────────────────────╮
│ Trial name                   status       learning_rate     batch_size     hidden_dim     num_layers     dropout   model_type       iter     total time (s)       loss     train_loss      rmse        mae │
├────────────────────────────────────────────────────────────────────────────────────────────────────────────────────────────────────────────────────────────────────────────────────────────────────────────┤
│ train_with_params_c3a7e7cb   RUNNING         0.00638205            128             32              3    0.260136   gcn                 5             2009.2   0.948969       0.949714   0.97415   0.814387 │
╰────────────────────────────────────────────────────────────────────────────────────────────────────────────────────────────────────────────────────────────────────────────────────────────────────────────╯
Trial status: 1 RUNNING
Current time: 2025-04-23 04:32:56. Total running time: 35min 32s
Logical resource usage: 4.0/16 CPUs, 0.5/2 GPUs (0.0/1.0 accelerator_type:A100)
Current best trial: c3a7e7cb with loss=0.9489686583589647 and params={'learning_rate': 0.00638204909515573, 'batch_size': 128, 'hidden_dim': 32, 'num_layers': 3, 'dropout': 0.2601364522768404, 'model_type': 'gcn'}
╭────────────────────────────────────────────────────────────────────────────────────────────────────────────────────────────────────────────────────────────────────────────────────────────────────────────╮
│ Trial name                   status       learning_rate     batch_size     hidden_dim     num_layers     dropout   model_type       iter     total time (s)       loss     train_loss      rmse        mae │
├────────────────────────────────────────────────────────────────────────────────────────────────────────────────────────────────────────────────────────────────────────────────────────────────────────────┤
│ train_with_params_c3a7e7cb   RUNNING         0.00638205            128             32              3    0.260136   gcn                 5             2009.2   0.948969       0.949714   0.97415   0.814387 │
╰────────────────────────────────────────────────────────────────────────────────────────────────────────────────────────────────────────────────────────────────────────────────────────────────────────────╯
Trial status: 1 RUNNING
Current time: 2025-04-23 04:33:26. Total running time: 36min 2s
Logical resource usage: 4.0/16 CPUs, 0.5/2 GPUs (0.0/1.0 accelerator_type:A100)
Current best trial: c3a7e7cb with loss=0.9489686583589647 and params={'learning_rate': 0.00638204909515573, 'batch_size': 128, 'hidden_dim': 32, 'num_layers': 3, 'dropout': 0.2601364522768404, 'model_type': 'gcn'}
╭────────────────────────────────────────────────────────────────────────────────────────────────────────────────────────────────────────────────────────────────────────────────────────────────────────────╮
│ Trial name                   status       learning_rate     batch_size     hidden_dim     num_layers     dropout   model_type       iter     total time (s)       loss     train_loss      rmse        mae │
├────────────────────────────────────────────────────────────────────────────────────────────────────────────────────────────────────────────────────────────────────────────────────────────────────────────┤
│ train_with_params_c3a7e7cb   RUNNING         0.00638205            128             32              3    0.260136   gcn                 5             2009.2   0.948969       0.949714   0.97415   0.814387 │
╰────────────────────────────────────────────────────────────────────────────────────────────────────────────────────────────────────────────────────────────────────────────────────────────────────────────╯
Trial status: 1 RUNNING
Current time: 2025-04-23 04:33:56. Total running time: 36min 32s
Logical resource usage: 4.0/16 CPUs, 0.5/2 GPUs (0.0/1.0 accelerator_type:A100)
Current best trial: c3a7e7cb with loss=0.9489686583589647 and params={'learning_rate': 0.00638204909515573, 'batch_size': 128, 'hidden_dim': 32, 'num_layers': 3, 'dropout': 0.2601364522768404, 'model_type': 'gcn'}
╭────────────────────────────────────────────────────────────────────────────────────────────────────────────────────────────────────────────────────────────────────────────────────────────────────────────╮
│ Trial name                   status       learning_rate     batch_size     hidden_dim     num_layers     dropout   model_type       iter     total time (s)       loss     train_loss      rmse        mae │
├────────────────────────────────────────────────────────────────────────────────────────────────────────────────────────────────────────────────────────────────────────────────────────────────────────────┤
│ train_with_params_c3a7e7cb   RUNNING         0.00638205            128             32              3    0.260136   gcn                 5             2009.2   0.948969       0.949714   0.97415   0.814387 │
╰────────────────────────────────────────────────────────────────────────────────────────────────────────────────────────────────────────────────────────────────────────────────────────────────────────────╯
Trial status: 1 RUNNING
Current time: 2025-04-23 04:34:26. Total running time: 37min 2s
Logical resource usage: 4.0/16 CPUs, 0.5/2 GPUs (0.0/1.0 accelerator_type:A100)
Current best trial: c3a7e7cb with loss=0.9489686583589647 and params={'learning_rate': 0.00638204909515573, 'batch_size': 128, 'hidden_dim': 32, 'num_layers': 3, 'dropout': 0.2601364522768404, 'model_type': 'gcn'}
╭────────────────────────────────────────────────────────────────────────────────────────────────────────────────────────────────────────────────────────────────────────────────────────────────────────────╮
│ Trial name                   status       learning_rate     batch_size     hidden_dim     num_layers     dropout   model_type       iter     total time (s)       loss     train_loss      rmse        mae │
├────────────────────────────────────────────────────────────────────────────────────────────────────────────────────────────────────────────────────────────────────────────────────────────────────────────┤
│ train_with_params_c3a7e7cb   RUNNING         0.00638205            128             32              3    0.260136   gcn                 5             2009.2   0.948969       0.949714   0.97415   0.814387 │
╰────────────────────────────────────────────────────────────────────────────────────────────────────────────────────────────────────────────────────────────────────────────────────────────────────────────╯
Trial status: 1 RUNNING
Current time: 2025-04-23 04:34:56. Total running time: 37min 32s
Logical resource usage: 4.0/16 CPUs, 0.5/2 GPUs (0.0/1.0 accelerator_type:A100)
Current best trial: c3a7e7cb with loss=0.9489686583589647 and params={'learning_rate': 0.00638204909515573, 'batch_size': 128, 'hidden_dim': 32, 'num_layers': 3, 'dropout': 0.2601364522768404, 'model_type': 'gcn'}
╭────────────────────────────────────────────────────────────────────────────────────────────────────────────────────────────────────────────────────────────────────────────────────────────────────────────╮
│ Trial name                   status       learning_rate     batch_size     hidden_dim     num_layers     dropout   model_type       iter     total time (s)       loss     train_loss      rmse        mae │
├────────────────────────────────────────────────────────────────────────────────────────────────────────────────────────────────────────────────────────────────────────────────────────────────────────────┤
│ train_with_params_c3a7e7cb   RUNNING         0.00638205            128             32              3    0.260136   gcn                 5             2009.2   0.948969       0.949714   0.97415   0.814387 │
╰────────────────────────────────────────────────────────────────────────────────────────────────────────────────────────────────────────────────────────────────────────────────────────────────────────────╯
Trial status: 1 RUNNING
Current time: 2025-04-23 04:35:26. Total running time: 38min 2s
Logical resource usage: 4.0/16 CPUs, 0.5/2 GPUs (0.0/1.0 accelerator_type:A100)
Current best trial: c3a7e7cb with loss=0.9489686583589647 and params={'learning_rate': 0.00638204909515573, 'batch_size': 128, 'hidden_dim': 32, 'num_layers': 3, 'dropout': 0.2601364522768404, 'model_type': 'gcn'}
╭────────────────────────────────────────────────────────────────────────────────────────────────────────────────────────────────────────────────────────────────────────────────────────────────────────────╮
│ Trial name                   status       learning_rate     batch_size     hidden_dim     num_layers     dropout   model_type       iter     total time (s)       loss     train_loss      rmse        mae │
├────────────────────────────────────────────────────────────────────────────────────────────────────────────────────────────────────────────────────────────────────────────────────────────────────────────┤
│ train_with_params_c3a7e7cb   RUNNING         0.00638205            128             32              3    0.260136   gcn                 5             2009.2   0.948969       0.949714   0.97415   0.814387 │
╰────────────────────────────────────────────────────────────────────────────────────────────────────────────────────────────────────────────────────────────────────────────────────────────────────────────╯
Trial status: 1 RUNNING
Current time: 2025-04-23 04:35:57. Total running time: 38min 32s
Logical resource usage: 4.0/16 CPUs, 0.5/2 GPUs (0.0/1.0 accelerator_type:A100)
Current best trial: c3a7e7cb with loss=0.9489686583589647 and params={'learning_rate': 0.00638204909515573, 'batch_size': 128, 'hidden_dim': 32, 'num_layers': 3, 'dropout': 0.2601364522768404, 'model_type': 'gcn'}
╭────────────────────────────────────────────────────────────────────────────────────────────────────────────────────────────────────────────────────────────────────────────────────────────────────────────╮
│ Trial name                   status       learning_rate     batch_size     hidden_dim     num_layers     dropout   model_type       iter     total time (s)       loss     train_loss      rmse        mae │
├────────────────────────────────────────────────────────────────────────────────────────────────────────────────────────────────────────────────────────────────────────────────────────────────────────────┤
│ train_with_params_c3a7e7cb   RUNNING         0.00638205            128             32              3    0.260136   gcn                 5             2009.2   0.948969       0.949714   0.97415   0.814387 │
╰────────────────────────────────────────────────────────────────────────────────────────────────────────────────────────────────────────────────────────────────────────────────────────────────────────────╯
Trial status: 1 RUNNING
Current time: 2025-04-23 04:36:27. Total running time: 39min 2s
Logical resource usage: 4.0/16 CPUs, 0.5/2 GPUs (0.0/1.0 accelerator_type:A100)
Current best trial: c3a7e7cb with loss=0.9489686583589647 and params={'learning_rate': 0.00638204909515573, 'batch_size': 128, 'hidden_dim': 32, 'num_layers': 3, 'dropout': 0.2601364522768404, 'model_type': 'gcn'}
╭────────────────────────────────────────────────────────────────────────────────────────────────────────────────────────────────────────────────────────────────────────────────────────────────────────────╮
│ Trial name                   status       learning_rate     batch_size     hidden_dim     num_layers     dropout   model_type       iter     total time (s)       loss     train_loss      rmse        mae │
├────────────────────────────────────────────────────────────────────────────────────────────────────────────────────────────────────────────────────────────────────────────────────────────────────────────┤
│ train_with_params_c3a7e7cb   RUNNING         0.00638205            128             32              3    0.260136   gcn                 5             2009.2   0.948969       0.949714   0.97415   0.814387 │
╰────────────────────────────────────────────────────────────────────────────────────────────────────────────────────────────────────────────────────────────────────────────────────────────────────────────╯
Trial status: 1 RUNNING
Current time: 2025-04-23 04:36:57. Total running time: 39min 32s
Logical resource usage: 4.0/16 CPUs, 0.5/2 GPUs (0.0/1.0 accelerator_type:A100)
Current best trial: c3a7e7cb with loss=0.9489686583589647 and params={'learning_rate': 0.00638204909515573, 'batch_size': 128, 'hidden_dim': 32, 'num_layers': 3, 'dropout': 0.2601364522768404, 'model_type': 'gcn'}
╭────────────────────────────────────────────────────────────────────────────────────────────────────────────────────────────────────────────────────────────────────────────────────────────────────────────╮
│ Trial name                   status       learning_rate     batch_size     hidden_dim     num_layers     dropout   model_type       iter     total time (s)       loss     train_loss      rmse        mae │
├────────────────────────────────────────────────────────────────────────────────────────────────────────────────────────────────────────────────────────────────────────────────────────────────────────────┤
│ train_with_params_c3a7e7cb   RUNNING         0.00638205            128             32              3    0.260136   gcn                 5             2009.2   0.948969       0.949714   0.97415   0.814387 │
╰────────────────────────────────────────────────────────────────────────────────────────────────────────────────────────────────────────────────────────────────────────────────────────────────────────────╯

Trial train_with_params_c3a7e7cb finished iteration 6 at 2025-04-23 04:37:09. Total running time: 39min 44s
╭──────────────────────────────────────────────────────╮
│ Trial train_with_params_c3a7e7cb result              │
├──────────────────────────────────────────────────────┤
│ checkpoint_dir_name                                  │
│ time_this_iter_s                             369.289 │
│ time_total_s                                 2378.49 │
│ training_iteration                                 6 │
│ epoch                                              5 │
│ loss                                         0.94911 │
│ mae                                         0.813774 │
│ r2                                          -0.00022 │
│ rmse                                        0.974223 │
│ train_loss                                   0.94971 │
╰──────────────────────────────────────────────────────╯

Trial status: 1 RUNNING
Current time: 2025-04-23 04:37:27. Total running time: 40min 2s
Logical resource usage: 4.0/16 CPUs, 0.5/2 GPUs (0.0/1.0 accelerator_type:A100)
Current best trial: c3a7e7cb with loss=0.9491110945647672 and params={'learning_rate': 0.00638204909515573, 'batch_size': 128, 'hidden_dim': 32, 'num_layers': 3, 'dropout': 0.2601364522768404, 'model_type': 'gcn'}
╭─────────────────────────────────────────────────────────────────────────────────────────────────────────────────────────────────────────────────────────────────────────────────────────────────────────────╮
│ Trial name                   status       learning_rate     batch_size     hidden_dim     num_layers     dropout   model_type       iter     total time (s)       loss     train_loss       rmse        mae │
├─────────────────────────────────────────────────────────────────────────────────────────────────────────────────────────────────────────────────────────────────────────────────────────────────────────────┤
│ train_with_params_c3a7e7cb   RUNNING         0.00638205            128             32              3    0.260136   gcn                 6            2378.49   0.949111       0.949713   0.974223   0.813774 │
╰─────────────────────────────────────────────────────────────────────────────────────────────────────────────────────────────────────────────────────────────────────────────────────────────────────────────╯
Trial status: 1 RUNNING
Current time: 2025-04-23 04:37:57. Total running time: 40min 32s
Logical resource usage: 4.0/16 CPUs, 0.5/2 GPUs (0.0/1.0 accelerator_type:A100)
Current best trial: c3a7e7cb with loss=0.9491110945647672 and params={'learning_rate': 0.00638204909515573, 'batch_size': 128, 'hidden_dim': 32, 'num_layers': 3, 'dropout': 0.2601364522768404, 'model_type': 'gcn'}
╭─────────────────────────────────────────────────────────────────────────────────────────────────────────────────────────────────────────────────────────────────────────────────────────────────────────────╮
│ Trial name                   status       learning_rate     batch_size     hidden_dim     num_layers     dropout   model_type       iter     total time (s)       loss     train_loss       rmse        mae │
├─────────────────────────────────────────────────────────────────────────────────────────────────────────────────────────────────────────────────────────────────────────────────────────────────────────────┤
│ train_with_params_c3a7e7cb   RUNNING         0.00638205            128             32              3    0.260136   gcn                 6            2378.49   0.949111       0.949713   0.974223   0.813774 │
╰─────────────────────────────────────────────────────────────────────────────────────────────────────────────────────────────────────────────────────────────────────────────────────────────────────────────╯
Trial status: 1 RUNNING
Current time: 2025-04-23 04:38:27. Total running time: 41min 2s
Logical resource usage: 4.0/16 CPUs, 0.5/2 GPUs (0.0/1.0 accelerator_type:A100)
Current best trial: c3a7e7cb with loss=0.9491110945647672 and params={'learning_rate': 0.00638204909515573, 'batch_size': 128, 'hidden_dim': 32, 'num_layers': 3, 'dropout': 0.2601364522768404, 'model_type': 'gcn'}
╭─────────────────────────────────────────────────────────────────────────────────────────────────────────────────────────────────────────────────────────────────────────────────────────────────────────────╮
│ Trial name                   status       learning_rate     batch_size     hidden_dim     num_layers     dropout   model_type       iter     total time (s)       loss     train_loss       rmse        mae │
├─────────────────────────────────────────────────────────────────────────────────────────────────────────────────────────────────────────────────────────────────────────────────────────────────────────────┤
│ train_with_params_c3a7e7cb   RUNNING         0.00638205            128             32              3    0.260136   gcn                 6            2378.49   0.949111       0.949713   0.974223   0.813774 │
╰─────────────────────────────────────────────────────────────────────────────────────────────────────────────────────────────────────────────────────────────────────────────────────────────────────────────╯
Trial status: 1 RUNNING
Current time: 2025-04-23 04:38:57. Total running time: 41min 32s
Logical resource usage: 4.0/16 CPUs, 0.5/2 GPUs (0.0/1.0 accelerator_type:A100)
Current best trial: c3a7e7cb with loss=0.9491110945647672 and params={'learning_rate': 0.00638204909515573, 'batch_size': 128, 'hidden_dim': 32, 'num_layers': 3, 'dropout': 0.2601364522768404, 'model_type': 'gcn'}
╭─────────────────────────────────────────────────────────────────────────────────────────────────────────────────────────────────────────────────────────────────────────────────────────────────────────────╮
│ Trial name                   status       learning_rate     batch_size     hidden_dim     num_layers     dropout   model_type       iter     total time (s)       loss     train_loss       rmse        mae │
├─────────────────────────────────────────────────────────────────────────────────────────────────────────────────────────────────────────────────────────────────────────────────────────────────────────────┤
│ train_with_params_c3a7e7cb   RUNNING         0.00638205            128             32              3    0.260136   gcn                 6            2378.49   0.949111       0.949713   0.974223   0.813774 │
╰─────────────────────────────────────────────────────────────────────────────────────────────────────────────────────────────────────────────────────────────────────────────────────────────────────────────╯
Trial status: 1 RUNNING
Current time: 2025-04-23 04:39:27. Total running time: 42min 2s
Logical resource usage: 4.0/16 CPUs, 0.5/2 GPUs (0.0/1.0 accelerator_type:A100)
Current best trial: c3a7e7cb with loss=0.9491110945647672 and params={'learning_rate': 0.00638204909515573, 'batch_size': 128, 'hidden_dim': 32, 'num_layers': 3, 'dropout': 0.2601364522768404, 'model_type': 'gcn'}
╭─────────────────────────────────────────────────────────────────────────────────────────────────────────────────────────────────────────────────────────────────────────────────────────────────────────────╮
│ Trial name                   status       learning_rate     batch_size     hidden_dim     num_layers     dropout   model_type       iter     total time (s)       loss     train_loss       rmse        mae │
├─────────────────────────────────────────────────────────────────────────────────────────────────────────────────────────────────────────────────────────────────────────────────────────────────────────────┤
│ train_with_params_c3a7e7cb   RUNNING         0.00638205            128             32              3    0.260136   gcn                 6            2378.49   0.949111       0.949713   0.974223   0.813774 │
╰─────────────────────────────────────────────────────────────────────────────────────────────────────────────────────────────────────────────────────────────────────────────────────────────────────────────╯
Trial status: 1 RUNNING
Current time: 2025-04-23 04:39:57. Total running time: 42min 33s
Logical resource usage: 4.0/16 CPUs, 0.5/2 GPUs (0.0/1.0 accelerator_type:A100)
Current best trial: c3a7e7cb with loss=0.9491110945647672 and params={'learning_rate': 0.00638204909515573, 'batch_size': 128, 'hidden_dim': 32, 'num_layers': 3, 'dropout': 0.2601364522768404, 'model_type': 'gcn'}
╭─────────────────────────────────────────────────────────────────────────────────────────────────────────────────────────────────────────────────────────────────────────────────────────────────────────────╮
│ Trial name                   status       learning_rate     batch_size     hidden_dim     num_layers     dropout   model_type       iter     total time (s)       loss     train_loss       rmse        mae │
├─────────────────────────────────────────────────────────────────────────────────────────────────────────────────────────────────────────────────────────────────────────────────────────────────────────────┤
│ train_with_params_c3a7e7cb   RUNNING         0.00638205            128             32              3    0.260136   gcn                 6            2378.49   0.949111       0.949713   0.974223   0.813774 │
╰─────────────────────────────────────────────────────────────────────────────────────────────────────────────────────────────────────────────────────────────────────────────────────────────────────────────╯
Trial status: 1 RUNNING
Current time: 2025-04-23 04:40:27. Total running time: 43min 3s
Logical resource usage: 4.0/16 CPUs, 0.5/2 GPUs (0.0/1.0 accelerator_type:A100)
Current best trial: c3a7e7cb with loss=0.9491110945647672 and params={'learning_rate': 0.00638204909515573, 'batch_size': 128, 'hidden_dim': 32, 'num_layers': 3, 'dropout': 0.2601364522768404, 'model_type': 'gcn'}
╭─────────────────────────────────────────────────────────────────────────────────────────────────────────────────────────────────────────────────────────────────────────────────────────────────────────────╮
│ Trial name                   status       learning_rate     batch_size     hidden_dim     num_layers     dropout   model_type       iter     total time (s)       loss     train_loss       rmse        mae │
├─────────────────────────────────────────────────────────────────────────────────────────────────────────────────────────────────────────────────────────────────────────────────────────────────────────────┤
│ train_with_params_c3a7e7cb   RUNNING         0.00638205            128             32              3    0.260136   gcn                 6            2378.49   0.949111       0.949713   0.974223   0.813774 │
╰─────────────────────────────────────────────────────────────────────────────────────────────────────────────────────────────────────────────────────────────────────────────────────────────────────────────╯
Trial status: 1 RUNNING
Current time: 2025-04-23 04:40:57. Total running time: 43min 33s
Logical resource usage: 4.0/16 CPUs, 0.5/2 GPUs (0.0/1.0 accelerator_type:A100)
Current best trial: c3a7e7cb with loss=0.9491110945647672 and params={'learning_rate': 0.00638204909515573, 'batch_size': 128, 'hidden_dim': 32, 'num_layers': 3, 'dropout': 0.2601364522768404, 'model_type': 'gcn'}
╭─────────────────────────────────────────────────────────────────────────────────────────────────────────────────────────────────────────────────────────────────────────────────────────────────────────────╮
│ Trial name                   status       learning_rate     batch_size     hidden_dim     num_layers     dropout   model_type       iter     total time (s)       loss     train_loss       rmse        mae │
├─────────────────────────────────────────────────────────────────────────────────────────────────────────────────────────────────────────────────────────────────────────────────────────────────────────────┤
│ train_with_params_c3a7e7cb   RUNNING         0.00638205            128             32              3    0.260136   gcn                 6            2378.49   0.949111       0.949713   0.974223   0.813774 │
╰─────────────────────────────────────────────────────────────────────────────────────────────────────────────────────────────────────────────────────────────────────────────────────────────────────────────╯
Trial status: 1 RUNNING
Current time: 2025-04-23 04:41:27. Total running time: 44min 3s
Logical resource usage: 4.0/16 CPUs, 0.5/2 GPUs (0.0/1.0 accelerator_type:A100)
Current best trial: c3a7e7cb with loss=0.9491110945647672 and params={'learning_rate': 0.00638204909515573, 'batch_size': 128, 'hidden_dim': 32, 'num_layers': 3, 'dropout': 0.2601364522768404, 'model_type': 'gcn'}
╭─────────────────────────────────────────────────────────────────────────────────────────────────────────────────────────────────────────────────────────────────────────────────────────────────────────────╮
│ Trial name                   status       learning_rate     batch_size     hidden_dim     num_layers     dropout   model_type       iter     total time (s)       loss     train_loss       rmse        mae │
├─────────────────────────────────────────────────────────────────────────────────────────────────────────────────────────────────────────────────────────────────────────────────────────────────────────────┤
│ train_with_params_c3a7e7cb   RUNNING         0.00638205            128             32              3    0.260136   gcn                 6            2378.49   0.949111       0.949713   0.974223   0.813774 │
╰─────────────────────────────────────────────────────────────────────────────────────────────────────────────────────────────────────────────────────────────────────────────────────────────────────────────╯
Trial status: 1 RUNNING
Current time: 2025-04-23 04:41:57. Total running time: 44min 33s
Logical resource usage: 4.0/16 CPUs, 0.5/2 GPUs (0.0/1.0 accelerator_type:A100)
Current best trial: c3a7e7cb with loss=0.9491110945647672 and params={'learning_rate': 0.00638204909515573, 'batch_size': 128, 'hidden_dim': 32, 'num_layers': 3, 'dropout': 0.2601364522768404, 'model_type': 'gcn'}
╭─────────────────────────────────────────────────────────────────────────────────────────────────────────────────────────────────────────────────────────────────────────────────────────────────────────────╮
│ Trial name                   status       learning_rate     batch_size     hidden_dim     num_layers     dropout   model_type       iter     total time (s)       loss     train_loss       rmse        mae │
├─────────────────────────────────────────────────────────────────────────────────────────────────────────────────────────────────────────────────────────────────────────────────────────────────────────────┤
│ train_with_params_c3a7e7cb   RUNNING         0.00638205            128             32              3    0.260136   gcn                 6            2378.49   0.949111       0.949713   0.974223   0.813774 │
╰─────────────────────────────────────────────────────────────────────────────────────────────────────────────────────────────────────────────────────────────────────────────────────────────────────────────╯
Trial status: 1 RUNNING
Current time: 2025-04-23 04:42:27. Total running time: 45min 3s
Logical resource usage: 4.0/16 CPUs, 0.5/2 GPUs (0.0/1.0 accelerator_type:A100)
Current best trial: c3a7e7cb with loss=0.9491110945647672 and params={'learning_rate': 0.00638204909515573, 'batch_size': 128, 'hidden_dim': 32, 'num_layers': 3, 'dropout': 0.2601364522768404, 'model_type': 'gcn'}
╭─────────────────────────────────────────────────────────────────────────────────────────────────────────────────────────────────────────────────────────────────────────────────────────────────────────────╮
│ Trial name                   status       learning_rate     batch_size     hidden_dim     num_layers     dropout   model_type       iter     total time (s)       loss     train_loss       rmse        mae │
├─────────────────────────────────────────────────────────────────────────────────────────────────────────────────────────────────────────────────────────────────────────────────────────────────────────────┤
│ train_with_params_c3a7e7cb   RUNNING         0.00638205            128             32              3    0.260136   gcn                 6            2378.49   0.949111       0.949713   0.974223   0.813774 │
╰─────────────────────────────────────────────────────────────────────────────────────────────────────────────────────────────────────────────────────────────────────────────────────────────────────────────╯
Trial status: 1 RUNNING
Current time: 2025-04-23 04:42:57. Total running time: 45min 33s
Logical resource usage: 4.0/16 CPUs, 0.5/2 GPUs (0.0/1.0 accelerator_type:A100)
Current best trial: c3a7e7cb with loss=0.9491110945647672 and params={'learning_rate': 0.00638204909515573, 'batch_size': 128, 'hidden_dim': 32, 'num_layers': 3, 'dropout': 0.2601364522768404, 'model_type': 'gcn'}
╭─────────────────────────────────────────────────────────────────────────────────────────────────────────────────────────────────────────────────────────────────────────────────────────────────────────────╮
│ Trial name                   status       learning_rate     batch_size     hidden_dim     num_layers     dropout   model_type       iter     total time (s)       loss     train_loss       rmse        mae │
├─────────────────────────────────────────────────────────────────────────────────────────────────────────────────────────────────────────────────────────────────────────────────────────────────────────────┤
│ train_with_params_c3a7e7cb   RUNNING         0.00638205            128             32              3    0.260136   gcn                 6            2378.49   0.949111       0.949713   0.974223   0.813774 │
╰─────────────────────────────────────────────────────────────────────────────────────────────────────────────────────────────────────────────────────────────────────────────────────────────────────────────╯

Trial train_with_params_c3a7e7cb finished iteration 7 at 2025-04-23 04:43:19. Total running time: 45min 55s
╭──────────────────────────────────────────────────────╮
│ Trial train_with_params_c3a7e7cb result              │
├──────────────────────────────────────────────────────┤
│ checkpoint_dir_name                                  │
│ time_this_iter_s                             370.314 │
│ time_total_s                                 2748.81 │
│ training_iteration                                 7 │
│ epoch                                              6 │
│ loss                                         0.94891 │
│ mae                                          0.81418 │
│ r2                                                -0 │
│ rmse                                        0.974118 │
│ train_loss                                   0.94973 │
╰──────────────────────────────────────────────────────╯

Trial status: 1 RUNNING
Current time: 2025-04-23 04:43:28. Total running time: 46min 3s
Logical resource usage: 4.0/16 CPUs, 0.5/2 GPUs (0.0/1.0 accelerator_type:A100)
Current best trial: c3a7e7cb with loss=0.9489065227149229 and params={'learning_rate': 0.00638204909515573, 'batch_size': 128, 'hidden_dim': 32, 'num_layers': 3, 'dropout': 0.2601364522768404, 'model_type': 'gcn'}
╭────────────────────────────────────────────────────────────────────────────────────────────────────────────────────────────────────────────────────────────────────────────────────────────────────────────╮
│ Trial name                   status       learning_rate     batch_size     hidden_dim     num_layers     dropout   model_type       iter     total time (s)       loss     train_loss       rmse       mae │
├────────────────────────────────────────────────────────────────────────────────────────────────────────────────────────────────────────────────────────────────────────────────────────────────────────────┤
│ train_with_params_c3a7e7cb   RUNNING         0.00638205            128             32              3    0.260136   gcn                 7            2748.81   0.948907       0.949728   0.974118   0.81418 │
╰────────────────────────────────────────────────────────────────────────────────────────────────────────────────────────────────────────────────────────────────────────────────────────────────────────────╯
Trial status: 1 RUNNING
Current time: 2025-04-23 04:43:58. Total running time: 46min 33s
Logical resource usage: 4.0/16 CPUs, 0.5/2 GPUs (0.0/1.0 accelerator_type:A100)
Current best trial: c3a7e7cb with loss=0.9489065227149229 and params={'learning_rate': 0.00638204909515573, 'batch_size': 128, 'hidden_dim': 32, 'num_layers': 3, 'dropout': 0.2601364522768404, 'model_type': 'gcn'}
╭────────────────────────────────────────────────────────────────────────────────────────────────────────────────────────────────────────────────────────────────────────────────────────────────────────────╮
│ Trial name                   status       learning_rate     batch_size     hidden_dim     num_layers     dropout   model_type       iter     total time (s)       loss     train_loss       rmse       mae │
├────────────────────────────────────────────────────────────────────────────────────────────────────────────────────────────────────────────────────────────────────────────────────────────────────────────┤
│ train_with_params_c3a7e7cb   RUNNING         0.00638205            128             32              3    0.260136   gcn                 7            2748.81   0.948907       0.949728   0.974118   0.81418 │
╰────────────────────────────────────────────────────────────────────────────────────────────────────────────────────────────────────────────────────────────────────────────────────────────────────────────╯
Trial status: 1 RUNNING
Current time: 2025-04-23 04:44:28. Total running time: 47min 3s
Logical resource usage: 4.0/16 CPUs, 0.5/2 GPUs (0.0/1.0 accelerator_type:A100)
Current best trial: c3a7e7cb with loss=0.9489065227149229 and params={'learning_rate': 0.00638204909515573, 'batch_size': 128, 'hidden_dim': 32, 'num_layers': 3, 'dropout': 0.2601364522768404, 'model_type': 'gcn'}
╭────────────────────────────────────────────────────────────────────────────────────────────────────────────────────────────────────────────────────────────────────────────────────────────────────────────╮
│ Trial name                   status       learning_rate     batch_size     hidden_dim     num_layers     dropout   model_type       iter     total time (s)       loss     train_loss       rmse       mae │
├────────────────────────────────────────────────────────────────────────────────────────────────────────────────────────────────────────────────────────────────────────────────────────────────────────────┤
│ train_with_params_c3a7e7cb   RUNNING         0.00638205            128             32              3    0.260136   gcn                 7            2748.81   0.948907       0.949728   0.974118   0.81418 │
╰────────────────────────────────────────────────────────────────────────────────────────────────────────────────────────────────────────────────────────────────────────────────────────────────────────────╯
Trial status: 1 RUNNING
Current time: 2025-04-23 04:44:58. Total running time: 47min 33s
Logical resource usage: 4.0/16 CPUs, 0.5/2 GPUs (0.0/1.0 accelerator_type:A100)
Current best trial: c3a7e7cb with loss=0.9489065227149229 and params={'learning_rate': 0.00638204909515573, 'batch_size': 128, 'hidden_dim': 32, 'num_layers': 3, 'dropout': 0.2601364522768404, 'model_type': 'gcn'}
╭────────────────────────────────────────────────────────────────────────────────────────────────────────────────────────────────────────────────────────────────────────────────────────────────────────────╮
│ Trial name                   status       learning_rate     batch_size     hidden_dim     num_layers     dropout   model_type       iter     total time (s)       loss     train_loss       rmse       mae │
├────────────────────────────────────────────────────────────────────────────────────────────────────────────────────────────────────────────────────────────────────────────────────────────────────────────┤
│ train_with_params_c3a7e7cb   RUNNING         0.00638205            128             32              3    0.260136   gcn                 7            2748.81   0.948907       0.949728   0.974118   0.81418 │
╰────────────────────────────────────────────────────────────────────────────────────────────────────────────────────────────────────────────────────────────────────────────────────────────────────────────╯
Trial status: 1 RUNNING
Current time: 2025-04-23 04:45:28. Total running time: 48min 3s
Logical resource usage: 4.0/16 CPUs, 0.5/2 GPUs (0.0/1.0 accelerator_type:A100)
Current best trial: c3a7e7cb with loss=0.9489065227149229 and params={'learning_rate': 0.00638204909515573, 'batch_size': 128, 'hidden_dim': 32, 'num_layers': 3, 'dropout': 0.2601364522768404, 'model_type': 'gcn'}
╭────────────────────────────────────────────────────────────────────────────────────────────────────────────────────────────────────────────────────────────────────────────────────────────────────────────╮
│ Trial name                   status       learning_rate     batch_size     hidden_dim     num_layers     dropout   model_type       iter     total time (s)       loss     train_loss       rmse       mae │
├────────────────────────────────────────────────────────────────────────────────────────────────────────────────────────────────────────────────────────────────────────────────────────────────────────────┤
│ train_with_params_c3a7e7cb   RUNNING         0.00638205            128             32              3    0.260136   gcn                 7            2748.81   0.948907       0.949728   0.974118   0.81418 │
╰────────────────────────────────────────────────────────────────────────────────────────────────────────────────────────────────────────────────────────────────────────────────────────────────────────────╯
Trial status: 1 RUNNING
Current time: 2025-04-23 04:45:58. Total running time: 48min 33s
Logical resource usage: 4.0/16 CPUs, 0.5/2 GPUs (0.0/1.0 accelerator_type:A100)
Current best trial: c3a7e7cb with loss=0.9489065227149229 and params={'learning_rate': 0.00638204909515573, 'batch_size': 128, 'hidden_dim': 32, 'num_layers': 3, 'dropout': 0.2601364522768404, 'model_type': 'gcn'}
╭────────────────────────────────────────────────────────────────────────────────────────────────────────────────────────────────────────────────────────────────────────────────────────────────────────────╮
│ Trial name                   status       learning_rate     batch_size     hidden_dim     num_layers     dropout   model_type       iter     total time (s)       loss     train_loss       rmse       mae │
├────────────────────────────────────────────────────────────────────────────────────────────────────────────────────────────────────────────────────────────────────────────────────────────────────────────┤
│ train_with_params_c3a7e7cb   RUNNING         0.00638205            128             32              3    0.260136   gcn                 7            2748.81   0.948907       0.949728   0.974118   0.81418 │
╰────────────────────────────────────────────────────────────────────────────────────────────────────────────────────────────────────────────────────────────────────────────────────────────────────────────╯
Trial status: 1 RUNNING
Current time: 2025-04-23 04:46:28. Total running time: 49min 3s
Logical resource usage: 4.0/16 CPUs, 0.5/2 GPUs (0.0/1.0 accelerator_type:A100)
Current best trial: c3a7e7cb with loss=0.9489065227149229 and params={'learning_rate': 0.00638204909515573, 'batch_size': 128, 'hidden_dim': 32, 'num_layers': 3, 'dropout': 0.2601364522768404, 'model_type': 'gcn'}
╭────────────────────────────────────────────────────────────────────────────────────────────────────────────────────────────────────────────────────────────────────────────────────────────────────────────╮
│ Trial name                   status       learning_rate     batch_size     hidden_dim     num_layers     dropout   model_type       iter     total time (s)       loss     train_loss       rmse       mae │
├────────────────────────────────────────────────────────────────────────────────────────────────────────────────────────────────────────────────────────────────────────────────────────────────────────────┤
│ train_with_params_c3a7e7cb   RUNNING         0.00638205            128             32              3    0.260136   gcn                 7            2748.81   0.948907       0.949728   0.974118   0.81418 │
╰────────────────────────────────────────────────────────────────────────────────────────────────────────────────────────────────────────────────────────────────────────────────────────────────────────────╯
Trial status: 1 RUNNING
Current time: 2025-04-23 04:46:58. Total running time: 49min 34s
Logical resource usage: 4.0/16 CPUs, 0.5/2 GPUs (0.0/1.0 accelerator_type:A100)
Current best trial: c3a7e7cb with loss=0.9489065227149229 and params={'learning_rate': 0.00638204909515573, 'batch_size': 128, 'hidden_dim': 32, 'num_layers': 3, 'dropout': 0.2601364522768404, 'model_type': 'gcn'}
╭────────────────────────────────────────────────────────────────────────────────────────────────────────────────────────────────────────────────────────────────────────────────────────────────────────────╮
│ Trial name                   status       learning_rate     batch_size     hidden_dim     num_layers     dropout   model_type       iter     total time (s)       loss     train_loss       rmse       mae │
├────────────────────────────────────────────────────────────────────────────────────────────────────────────────────────────────────────────────────────────────────────────────────────────────────────────┤
│ train_with_params_c3a7e7cb   RUNNING         0.00638205            128             32              3    0.260136   gcn                 7            2748.81   0.948907       0.949728   0.974118   0.81418 │
╰────────────────────────────────────────────────────────────────────────────────────────────────────────────────────────────────────────────────────────────────────────────────────────────────────────────╯
Trial status: 1 RUNNING
Current time: 2025-04-23 04:47:28. Total running time: 50min 4s
Logical resource usage: 4.0/16 CPUs, 0.5/2 GPUs (0.0/1.0 accelerator_type:A100)
Current best trial: c3a7e7cb with loss=0.9489065227149229 and params={'learning_rate': 0.00638204909515573, 'batch_size': 128, 'hidden_dim': 32, 'num_layers': 3, 'dropout': 0.2601364522768404, 'model_type': 'gcn'}
╭────────────────────────────────────────────────────────────────────────────────────────────────────────────────────────────────────────────────────────────────────────────────────────────────────────────╮
│ Trial name                   status       learning_rate     batch_size     hidden_dim     num_layers     dropout   model_type       iter     total time (s)       loss     train_loss       rmse       mae │
├────────────────────────────────────────────────────────────────────────────────────────────────────────────────────────────────────────────────────────────────────────────────────────────────────────────┤
│ train_with_params_c3a7e7cb   RUNNING         0.00638205            128             32              3    0.260136   gcn                 7            2748.81   0.948907       0.949728   0.974118   0.81418 │
╰────────────────────────────────────────────────────────────────────────────────────────────────────────────────────────────────────────────────────────────────────────────────────────────────────────────╯
Trial status: 1 RUNNING
Current time: 2025-04-23 04:47:58. Total running time: 50min 34s
Logical resource usage: 4.0/16 CPUs, 0.5/2 GPUs (0.0/1.0 accelerator_type:A100)
Current best trial: c3a7e7cb with loss=0.9489065227149229 and params={'learning_rate': 0.00638204909515573, 'batch_size': 128, 'hidden_dim': 32, 'num_layers': 3, 'dropout': 0.2601364522768404, 'model_type': 'gcn'}
╭────────────────────────────────────────────────────────────────────────────────────────────────────────────────────────────────────────────────────────────────────────────────────────────────────────────╮
│ Trial name                   status       learning_rate     batch_size     hidden_dim     num_layers     dropout   model_type       iter     total time (s)       loss     train_loss       rmse       mae │
├────────────────────────────────────────────────────────────────────────────────────────────────────────────────────────────────────────────────────────────────────────────────────────────────────────────┤
│ train_with_params_c3a7e7cb   RUNNING         0.00638205            128             32              3    0.260136   gcn                 7            2748.81   0.948907       0.949728   0.974118   0.81418 │
╰────────────────────────────────────────────────────────────────────────────────────────────────────────────────────────────────────────────────────────────────────────────────────────────────────────────╯
Trial status: 1 RUNNING
Current time: 2025-04-23 04:48:28. Total running time: 51min 4s
Logical resource usage: 4.0/16 CPUs, 0.5/2 GPUs (0.0/1.0 accelerator_type:A100)
Current best trial: c3a7e7cb with loss=0.9489065227149229 and params={'learning_rate': 0.00638204909515573, 'batch_size': 128, 'hidden_dim': 32, 'num_layers': 3, 'dropout': 0.2601364522768404, 'model_type': 'gcn'}
╭────────────────────────────────────────────────────────────────────────────────────────────────────────────────────────────────────────────────────────────────────────────────────────────────────────────╮
│ Trial name                   status       learning_rate     batch_size     hidden_dim     num_layers     dropout   model_type       iter     total time (s)       loss     train_loss       rmse       mae │
├────────────────────────────────────────────────────────────────────────────────────────────────────────────────────────────────────────────────────────────────────────────────────────────────────────────┤
│ train_with_params_c3a7e7cb   RUNNING         0.00638205            128             32              3    0.260136   gcn                 7            2748.81   0.948907       0.949728   0.974118   0.81418 │
╰────────────────────────────────────────────────────────────────────────────────────────────────────────────────────────────────────────────────────────────────────────────────────────────────────────────╯
Trial status: 1 RUNNING
Current time: 2025-04-23 04:48:58. Total running time: 51min 34s
Logical resource usage: 4.0/16 CPUs, 0.5/2 GPUs (0.0/1.0 accelerator_type:A100)
Current best trial: c3a7e7cb with loss=0.9489065227149229 and params={'learning_rate': 0.00638204909515573, 'batch_size': 128, 'hidden_dim': 32, 'num_layers': 3, 'dropout': 0.2601364522768404, 'model_type': 'gcn'}
╭────────────────────────────────────────────────────────────────────────────────────────────────────────────────────────────────────────────────────────────────────────────────────────────────────────────╮
│ Trial name                   status       learning_rate     batch_size     hidden_dim     num_layers     dropout   model_type       iter     total time (s)       loss     train_loss       rmse       mae │
├────────────────────────────────────────────────────────────────────────────────────────────────────────────────────────────────────────────────────────────────────────────────────────────────────────────┤
│ train_with_params_c3a7e7cb   RUNNING         0.00638205            128             32              3    0.260136   gcn                 7            2748.81   0.948907       0.949728   0.974118   0.81418 │
╰────────────────────────────────────────────────────────────────────────────────────────────────────────────────────────────────────────────────────────────────────────────────────────────────────────────╯
Trial status: 1 RUNNING
Current time: 2025-04-23 04:49:28. Total running time: 52min 4s
Logical resource usage: 4.0/16 CPUs, 0.5/2 GPUs (0.0/1.0 accelerator_type:A100)
Current best trial: c3a7e7cb with loss=0.9489065227149229 and params={'learning_rate': 0.00638204909515573, 'batch_size': 128, 'hidden_dim': 32, 'num_layers': 3, 'dropout': 0.2601364522768404, 'model_type': 'gcn'}
╭────────────────────────────────────────────────────────────────────────────────────────────────────────────────────────────────────────────────────────────────────────────────────────────────────────────╮
│ Trial name                   status       learning_rate     batch_size     hidden_dim     num_layers     dropout   model_type       iter     total time (s)       loss     train_loss       rmse       mae │
├────────────────────────────────────────────────────────────────────────────────────────────────────────────────────────────────────────────────────────────────────────────────────────────────────────────┤
│ train_with_params_c3a7e7cb   RUNNING         0.00638205            128             32              3    0.260136   gcn                 7            2748.81   0.948907       0.949728   0.974118   0.81418 │
╰────────────────────────────────────────────────────────────────────────────────────────────────────────────────────────────────────────────────────────────────────────────────────────────────────────────╯

Trial train_with_params_c3a7e7cb finished iteration 8 at 2025-04-23 04:49:30. Total running time: 52min 6s
╭──────────────────────────────────────────────────────╮
│ Trial train_with_params_c3a7e7cb result              │
├──────────────────────────────────────────────────────┤
│ checkpoint_dir_name                                  │
│ time_this_iter_s                             370.994 │
│ time_total_s                                  3119.8 │
│ training_iteration                                 8 │
│ epoch                                              7 │
│ loss                                         0.94891 │
│ mae                                         0.814223 │
│ r2                                            -1e-05 │
│ rmse                                        0.974122 │
│ train_loss                                   0.94973 │
╰──────────────────────────────────────────────────────╯

Trial status: 1 RUNNING
Current time: 2025-04-23 04:49:58. Total running time: 52min 34s
Logical resource usage: 4.0/16 CPUs, 0.5/2 GPUs (0.0/1.0 accelerator_type:A100)
Current best trial: c3a7e7cb with loss=0.9489131211163974 and params={'learning_rate': 0.00638204909515573, 'batch_size': 128, 'hidden_dim': 32, 'num_layers': 3, 'dropout': 0.2601364522768404, 'model_type': 'gcn'}
╭─────────────────────────────────────────────────────────────────────────────────────────────────────────────────────────────────────────────────────────────────────────────────────────────────────────────╮
│ Trial name                   status       learning_rate     batch_size     hidden_dim     num_layers     dropout   model_type       iter     total time (s)       loss     train_loss       rmse        mae │
├─────────────────────────────────────────────────────────────────────────────────────────────────────────────────────────────────────────────────────────────────────────────────────────────────────────────┤
│ train_with_params_c3a7e7cb   RUNNING         0.00638205            128             32              3    0.260136   gcn                 8             3119.8   0.948913       0.949727   0.974122   0.814223 │
╰─────────────────────────────────────────────────────────────────────────────────────────────────────────────────────────────────────────────────────────────────────────────────────────────────────────────╯
Trial status: 1 RUNNING
Current time: 2025-04-23 04:50:29. Total running time: 53min 4s
Logical resource usage: 4.0/16 CPUs, 0.5/2 GPUs (0.0/1.0 accelerator_type:A100)
Current best trial: c3a7e7cb with loss=0.9489131211163974 and params={'learning_rate': 0.00638204909515573, 'batch_size': 128, 'hidden_dim': 32, 'num_layers': 3, 'dropout': 0.2601364522768404, 'model_type': 'gcn'}
╭─────────────────────────────────────────────────────────────────────────────────────────────────────────────────────────────────────────────────────────────────────────────────────────────────────────────╮
│ Trial name                   status       learning_rate     batch_size     hidden_dim     num_layers     dropout   model_type       iter     total time (s)       loss     train_loss       rmse        mae │
├─────────────────────────────────────────────────────────────────────────────────────────────────────────────────────────────────────────────────────────────────────────────────────────────────────────────┤
│ train_with_params_c3a7e7cb   RUNNING         0.00638205            128             32              3    0.260136   gcn                 8             3119.8   0.948913       0.949727   0.974122   0.814223 │
╰─────────────────────────────────────────────────────────────────────────────────────────────────────────────────────────────────────────────────────────────────────────────────────────────────────────────╯
Trial status: 1 RUNNING
Current time: 2025-04-23 04:50:59. Total running time: 53min 34s
Logical resource usage: 4.0/16 CPUs, 0.5/2 GPUs (0.0/1.0 accelerator_type:A100)
Current best trial: c3a7e7cb with loss=0.9489131211163974 and params={'learning_rate': 0.00638204909515573, 'batch_size': 128, 'hidden_dim': 32, 'num_layers': 3, 'dropout': 0.2601364522768404, 'model_type': 'gcn'}
╭─────────────────────────────────────────────────────────────────────────────────────────────────────────────────────────────────────────────────────────────────────────────────────────────────────────────╮
│ Trial name                   status       learning_rate     batch_size     hidden_dim     num_layers     dropout   model_type       iter     total time (s)       loss     train_loss       rmse        mae │
├─────────────────────────────────────────────────────────────────────────────────────────────────────────────────────────────────────────────────────────────────────────────────────────────────────────────┤
│ train_with_params_c3a7e7cb   RUNNING         0.00638205            128             32              3    0.260136   gcn                 8             3119.8   0.948913       0.949727   0.974122   0.814223 │
╰─────────────────────────────────────────────────────────────────────────────────────────────────────────────────────────────────────────────────────────────────────────────────────────────────────────────╯
Trial status: 1 RUNNING
Current time: 2025-04-23 04:51:29. Total running time: 54min 4s
Logical resource usage: 4.0/16 CPUs, 0.5/2 GPUs (0.0/1.0 accelerator_type:A100)
Current best trial: c3a7e7cb with loss=0.9489131211163974 and params={'learning_rate': 0.00638204909515573, 'batch_size': 128, 'hidden_dim': 32, 'num_layers': 3, 'dropout': 0.2601364522768404, 'model_type': 'gcn'}
╭─────────────────────────────────────────────────────────────────────────────────────────────────────────────────────────────────────────────────────────────────────────────────────────────────────────────╮
│ Trial name                   status       learning_rate     batch_size     hidden_dim     num_layers     dropout   model_type       iter     total time (s)       loss     train_loss       rmse        mae │
├─────────────────────────────────────────────────────────────────────────────────────────────────────────────────────────────────────────────────────────────────────────────────────────────────────────────┤
│ train_with_params_c3a7e7cb   RUNNING         0.00638205            128             32              3    0.260136   gcn                 8             3119.8   0.948913       0.949727   0.974122   0.814223 │
╰─────────────────────────────────────────────────────────────────────────────────────────────────────────────────────────────────────────────────────────────────────────────────────────────────────────────╯
Trial status: 1 RUNNING
Current time: 2025-04-23 04:51:59. Total running time: 54min 34s
Logical resource usage: 4.0/16 CPUs, 0.5/2 GPUs (0.0/1.0 accelerator_type:A100)
Current best trial: c3a7e7cb with loss=0.9489131211163974 and params={'learning_rate': 0.00638204909515573, 'batch_size': 128, 'hidden_dim': 32, 'num_layers': 3, 'dropout': 0.2601364522768404, 'model_type': 'gcn'}
╭─────────────────────────────────────────────────────────────────────────────────────────────────────────────────────────────────────────────────────────────────────────────────────────────────────────────╮
│ Trial name                   status       learning_rate     batch_size     hidden_dim     num_layers     dropout   model_type       iter     total time (s)       loss     train_loss       rmse        mae │
├─────────────────────────────────────────────────────────────────────────────────────────────────────────────────────────────────────────────────────────────────────────────────────────────────────────────┤
│ train_with_params_c3a7e7cb   RUNNING         0.00638205            128             32              3    0.260136   gcn                 8             3119.8   0.948913       0.949727   0.974122   0.814223 │
╰─────────────────────────────────────────────────────────────────────────────────────────────────────────────────────────────────────────────────────────────────────────────────────────────────────────────╯
Trial status: 1 RUNNING
Current time: 2025-04-23 04:52:29. Total running time: 55min 4s
Logical resource usage: 4.0/16 CPUs, 0.5/2 GPUs (0.0/1.0 accelerator_type:A100)
Current best trial: c3a7e7cb with loss=0.9489131211163974 and params={'learning_rate': 0.00638204909515573, 'batch_size': 128, 'hidden_dim': 32, 'num_layers': 3, 'dropout': 0.2601364522768404, 'model_type': 'gcn'}
╭─────────────────────────────────────────────────────────────────────────────────────────────────────────────────────────────────────────────────────────────────────────────────────────────────────────────╮
│ Trial name                   status       learning_rate     batch_size     hidden_dim     num_layers     dropout   model_type       iter     total time (s)       loss     train_loss       rmse        mae │
├─────────────────────────────────────────────────────────────────────────────────────────────────────────────────────────────────────────────────────────────────────────────────────────────────────────────┤
│ train_with_params_c3a7e7cb   RUNNING         0.00638205            128             32              3    0.260136   gcn                 8             3119.8   0.948913       0.949727   0.974122   0.814223 │
╰─────────────────────────────────────────────────────────────────────────────────────────────────────────────────────────────────────────────────────────────────────────────────────────────────────────────╯
Trial status: 1 RUNNING
Current time: 2025-04-23 04:52:59. Total running time: 55min 34s
Logical resource usage: 4.0/16 CPUs, 0.5/2 GPUs (0.0/1.0 accelerator_type:A100)
Current best trial: c3a7e7cb with loss=0.9489131211163974 and params={'learning_rate': 0.00638204909515573, 'batch_size': 128, 'hidden_dim': 32, 'num_layers': 3, 'dropout': 0.2601364522768404, 'model_type': 'gcn'}
╭─────────────────────────────────────────────────────────────────────────────────────────────────────────────────────────────────────────────────────────────────────────────────────────────────────────────╮
│ Trial name                   status       learning_rate     batch_size     hidden_dim     num_layers     dropout   model_type       iter     total time (s)       loss     train_loss       rmse        mae │
├─────────────────────────────────────────────────────────────────────────────────────────────────────────────────────────────────────────────────────────────────────────────────────────────────────────────┤
│ train_with_params_c3a7e7cb   RUNNING         0.00638205            128             32              3    0.260136   gcn                 8             3119.8   0.948913       0.949727   0.974122   0.814223 │
╰─────────────────────────────────────────────────────────────────────────────────────────────────────────────────────────────────────────────────────────────────────────────────────────────────────────────╯
Trial status: 1 RUNNING
Current time: 2025-04-23 04:53:29. Total running time: 56min 5s
Logical resource usage: 4.0/16 CPUs, 0.5/2 GPUs (0.0/1.0 accelerator_type:A100)
Current best trial: c3a7e7cb with loss=0.9489131211163974 and params={'learning_rate': 0.00638204909515573, 'batch_size': 128, 'hidden_dim': 32, 'num_layers': 3, 'dropout': 0.2601364522768404, 'model_type': 'gcn'}
╭─────────────────────────────────────────────────────────────────────────────────────────────────────────────────────────────────────────────────────────────────────────────────────────────────────────────╮
│ Trial name                   status       learning_rate     batch_size     hidden_dim     num_layers     dropout   model_type       iter     total time (s)       loss     train_loss       rmse        mae │
├─────────────────────────────────────────────────────────────────────────────────────────────────────────────────────────────────────────────────────────────────────────────────────────────────────────────┤
│ train_with_params_c3a7e7cb   RUNNING         0.00638205            128             32              3    0.260136   gcn                 8             3119.8   0.948913       0.949727   0.974122   0.814223 │
╰─────────────────────────────────────────────────────────────────────────────────────────────────────────────────────────────────────────────────────────────────────────────────────────────────────────────╯
Trial status: 1 RUNNING
Current time: 2025-04-23 04:53:59. Total running time: 56min 35s
Logical resource usage: 4.0/16 CPUs, 0.5/2 GPUs (0.0/1.0 accelerator_type:A100)
Current best trial: c3a7e7cb with loss=0.9489131211163974 and params={'learning_rate': 0.00638204909515573, 'batch_size': 128, 'hidden_dim': 32, 'num_layers': 3, 'dropout': 0.2601364522768404, 'model_type': 'gcn'}
╭─────────────────────────────────────────────────────────────────────────────────────────────────────────────────────────────────────────────────────────────────────────────────────────────────────────────╮
│ Trial name                   status       learning_rate     batch_size     hidden_dim     num_layers     dropout   model_type       iter     total time (s)       loss     train_loss       rmse        mae │
├─────────────────────────────────────────────────────────────────────────────────────────────────────────────────────────────────────────────────────────────────────────────────────────────────────────────┤
│ train_with_params_c3a7e7cb   RUNNING         0.00638205            128             32              3    0.260136   gcn                 8             3119.8   0.948913       0.949727   0.974122   0.814223 │
╰─────────────────────────────────────────────────────────────────────────────────────────────────────────────────────────────────────────────────────────────────────────────────────────────────────────────╯
Trial status: 1 RUNNING
Current time: 2025-04-23 04:54:29. Total running time: 57min 5s
Logical resource usage: 4.0/16 CPUs, 0.5/2 GPUs (0.0/1.0 accelerator_type:A100)
Current best trial: c3a7e7cb with loss=0.9489131211163974 and params={'learning_rate': 0.00638204909515573, 'batch_size': 128, 'hidden_dim': 32, 'num_layers': 3, 'dropout': 0.2601364522768404, 'model_type': 'gcn'}
╭─────────────────────────────────────────────────────────────────────────────────────────────────────────────────────────────────────────────────────────────────────────────────────────────────────────────╮
│ Trial name                   status       learning_rate     batch_size     hidden_dim     num_layers     dropout   model_type       iter     total time (s)       loss     train_loss       rmse        mae │
├─────────────────────────────────────────────────────────────────────────────────────────────────────────────────────────────────────────────────────────────────────────────────────────────────────────────┤
│ train_with_params_c3a7e7cb   RUNNING         0.00638205            128             32              3    0.260136   gcn                 8             3119.8   0.948913       0.949727   0.974122   0.814223 │
╰─────────────────────────────────────────────────────────────────────────────────────────────────────────────────────────────────────────────────────────────────────────────────────────────────────────────╯
Trial status: 1 RUNNING
Current time: 2025-04-23 04:54:59. Total running time: 57min 35s
Logical resource usage: 4.0/16 CPUs, 0.5/2 GPUs (0.0/1.0 accelerator_type:A100)
Current best trial: c3a7e7cb with loss=0.9489131211163974 and params={'learning_rate': 0.00638204909515573, 'batch_size': 128, 'hidden_dim': 32, 'num_layers': 3, 'dropout': 0.2601364522768404, 'model_type': 'gcn'}
╭─────────────────────────────────────────────────────────────────────────────────────────────────────────────────────────────────────────────────────────────────────────────────────────────────────────────╮
│ Trial name                   status       learning_rate     batch_size     hidden_dim     num_layers     dropout   model_type       iter     total time (s)       loss     train_loss       rmse        mae │
├─────────────────────────────────────────────────────────────────────────────────────────────────────────────────────────────────────────────────────────────────────────────────────────────────────────────┤
│ train_with_params_c3a7e7cb   RUNNING         0.00638205            128             32              3    0.260136   gcn                 8             3119.8   0.948913       0.949727   0.974122   0.814223 │
╰─────────────────────────────────────────────────────────────────────────────────────────────────────────────────────────────────────────────────────────────────────────────────────────────────────────────╯
Trial status: 1 RUNNING
Current time: 2025-04-23 04:55:29. Total running time: 58min 5s
Logical resource usage: 4.0/16 CPUs, 0.5/2 GPUs (0.0/1.0 accelerator_type:A100)
Current best trial: c3a7e7cb with loss=0.9489131211163974 and params={'learning_rate': 0.00638204909515573, 'batch_size': 128, 'hidden_dim': 32, 'num_layers': 3, 'dropout': 0.2601364522768404, 'model_type': 'gcn'}
╭─────────────────────────────────────────────────────────────────────────────────────────────────────────────────────────────────────────────────────────────────────────────────────────────────────────────╮
│ Trial name                   status       learning_rate     batch_size     hidden_dim     num_layers     dropout   model_type       iter     total time (s)       loss     train_loss       rmse        mae │
├─────────────────────────────────────────────────────────────────────────────────────────────────────────────────────────────────────────────────────────────────────────────────────────────────────────────┤
│ train_with_params_c3a7e7cb   RUNNING         0.00638205            128             32              3    0.260136   gcn                 8             3119.8   0.948913       0.949727   0.974122   0.814223 │
╰─────────────────────────────────────────────────────────────────────────────────────────────────────────────────────────────────────────────────────────────────────────────────────────────────────────────╯

Trial train_with_params_c3a7e7cb finished iteration 9 at 2025-04-23 04:55:41. Total running time: 58min 17s
╭──────────────────────────────────────────────────────╮
│ Trial train_with_params_c3a7e7cb result              │
├──────────────────────────────────────────────────────┤
│ checkpoint_dir_name                                  │
│ time_this_iter_s                             371.098 │
│ time_total_s                                  3490.9 │
│ training_iteration                                 9 │
│ epoch                                              8 │
│ loss                                         0.94895 │
│ mae                                         0.813948 │
│ r2                                            -5e-05 │
│ rmse                                         0.97414 │
│ train_loss                                   0.94971 │
╰──────────────────────────────────────────────────────╯

Trial status: 1 RUNNING
Current time: 2025-04-23 04:55:59. Total running time: 58min 35s
Logical resource usage: 4.0/16 CPUs, 0.5/2 GPUs (0.0/1.0 accelerator_type:A100)
Current best trial: c3a7e7cb with loss=0.9489495853273163 and params={'learning_rate': 0.00638204909515573, 'batch_size': 128, 'hidden_dim': 32, 'num_layers': 3, 'dropout': 0.2601364522768404, 'model_type': 'gcn'}
╭───────────────────────────────────────────────────────────────────────────────────────────────────────────────────────────────────────────────────────────────────────────────────────────────────────────╮
│ Trial name                   status       learning_rate     batch_size     hidden_dim     num_layers     dropout   model_type       iter     total time (s)      loss     train_loss      rmse        mae │
├───────────────────────────────────────────────────────────────────────────────────────────────────────────────────────────────────────────────────────────────────────────────────────────────────────────┤
│ train_with_params_c3a7e7cb   RUNNING         0.00638205            128             32              3    0.260136   gcn                 9             3490.9   0.94895       0.949712   0.97414   0.813948 │
╰───────────────────────────────────────────────────────────────────────────────────────────────────────────────────────────────────────────────────────────────────────────────────────────────────────────╯
Trial status: 1 RUNNING
Current time: 2025-04-23 04:56:30. Total running time: 59min 5s
Logical resource usage: 4.0/16 CPUs, 0.5/2 GPUs (0.0/1.0 accelerator_type:A100)
Current best trial: c3a7e7cb with loss=0.9489495853273163 and params={'learning_rate': 0.00638204909515573, 'batch_size': 128, 'hidden_dim': 32, 'num_layers': 3, 'dropout': 0.2601364522768404, 'model_type': 'gcn'}
╭───────────────────────────────────────────────────────────────────────────────────────────────────────────────────────────────────────────────────────────────────────────────────────────────────────────╮
│ Trial name                   status       learning_rate     batch_size     hidden_dim     num_layers     dropout   model_type       iter     total time (s)      loss     train_loss      rmse        mae │
├───────────────────────────────────────────────────────────────────────────────────────────────────────────────────────────────────────────────────────────────────────────────────────────────────────────┤
│ train_with_params_c3a7e7cb   RUNNING         0.00638205            128             32              3    0.260136   gcn                 9             3490.9   0.94895       0.949712   0.97414   0.813948 │
╰───────────────────────────────────────────────────────────────────────────────────────────────────────────────────────────────────────────────────────────────────────────────────────────────────────────╯
Trial status: 1 RUNNING
Current time: 2025-04-23 04:57:00. Total running time: 59min 35s
Logical resource usage: 4.0/16 CPUs, 0.5/2 GPUs (0.0/1.0 accelerator_type:A100)
Current best trial: c3a7e7cb with loss=0.9489495853273163 and params={'learning_rate': 0.00638204909515573, 'batch_size': 128, 'hidden_dim': 32, 'num_layers': 3, 'dropout': 0.2601364522768404, 'model_type': 'gcn'}
╭───────────────────────────────────────────────────────────────────────────────────────────────────────────────────────────────────────────────────────────────────────────────────────────────────────────╮
│ Trial name                   status       learning_rate     batch_size     hidden_dim     num_layers     dropout   model_type       iter     total time (s)      loss     train_loss      rmse        mae │
├───────────────────────────────────────────────────────────────────────────────────────────────────────────────────────────────────────────────────────────────────────────────────────────────────────────┤
│ train_with_params_c3a7e7cb   RUNNING         0.00638205            128             32              3    0.260136   gcn                 9             3490.9   0.94895       0.949712   0.97414   0.813948 │
╰───────────────────────────────────────────────────────────────────────────────────────────────────────────────────────────────────────────────────────────────────────────────────────────────────────────╯
Trial status: 1 RUNNING
Current time: 2025-04-23 04:57:30. Total running time: 1hr 0min 5s
Logical resource usage: 4.0/16 CPUs, 0.5/2 GPUs (0.0/1.0 accelerator_type:A100)
Current best trial: c3a7e7cb with loss=0.9489495853273163 and params={'learning_rate': 0.00638204909515573, 'batch_size': 128, 'hidden_dim': 32, 'num_layers': 3, 'dropout': 0.2601364522768404, 'model_type': 'gcn'}
╭───────────────────────────────────────────────────────────────────────────────────────────────────────────────────────────────────────────────────────────────────────────────────────────────────────────╮
│ Trial name                   status       learning_rate     batch_size     hidden_dim     num_layers     dropout   model_type       iter     total time (s)      loss     train_loss      rmse        mae │
├───────────────────────────────────────────────────────────────────────────────────────────────────────────────────────────────────────────────────────────────────────────────────────────────────────────┤
│ train_with_params_c3a7e7cb   RUNNING         0.00638205            128             32              3    0.260136   gcn                 9             3490.9   0.94895       0.949712   0.97414   0.813948 │
╰───────────────────────────────────────────────────────────────────────────────────────────────────────────────────────────────────────────────────────────────────────────────────────────────────────────╯
Trial status: 1 RUNNING
Current time: 2025-04-23 04:58:00. Total running time: 1hr 0min 35s
Logical resource usage: 4.0/16 CPUs, 0.5/2 GPUs (0.0/1.0 accelerator_type:A100)
Current best trial: c3a7e7cb with loss=0.9489495853273163 and params={'learning_rate': 0.00638204909515573, 'batch_size': 128, 'hidden_dim': 32, 'num_layers': 3, 'dropout': 0.2601364522768404, 'model_type': 'gcn'}
╭───────────────────────────────────────────────────────────────────────────────────────────────────────────────────────────────────────────────────────────────────────────────────────────────────────────╮
│ Trial name                   status       learning_rate     batch_size     hidden_dim     num_layers     dropout   model_type       iter     total time (s)      loss     train_loss      rmse        mae │
├───────────────────────────────────────────────────────────────────────────────────────────────────────────────────────────────────────────────────────────────────────────────────────────────────────────┤
│ train_with_params_c3a7e7cb   RUNNING         0.00638205            128             32              3    0.260136   gcn                 9             3490.9   0.94895       0.949712   0.97414   0.813948 │
╰───────────────────────────────────────────────────────────────────────────────────────────────────────────────────────────────────────────────────────────────────────────────────────────────────────────╯
Trial status: 1 RUNNING
Current time: 2025-04-23 04:58:30. Total running time: 1hr 1min 5s
Logical resource usage: 4.0/16 CPUs, 0.5/2 GPUs (0.0/1.0 accelerator_type:A100)
Current best trial: c3a7e7cb with loss=0.9489495853273163 and params={'learning_rate': 0.00638204909515573, 'batch_size': 128, 'hidden_dim': 32, 'num_layers': 3, 'dropout': 0.2601364522768404, 'model_type': 'gcn'}
╭───────────────────────────────────────────────────────────────────────────────────────────────────────────────────────────────────────────────────────────────────────────────────────────────────────────╮
│ Trial name                   status       learning_rate     batch_size     hidden_dim     num_layers     dropout   model_type       iter     total time (s)      loss     train_loss      rmse        mae │
├───────────────────────────────────────────────────────────────────────────────────────────────────────────────────────────────────────────────────────────────────────────────────────────────────────────┤
│ train_with_params_c3a7e7cb   RUNNING         0.00638205            128             32              3    0.260136   gcn                 9             3490.9   0.94895       0.949712   0.97414   0.813948 │
╰───────────────────────────────────────────────────────────────────────────────────────────────────────────────────────────────────────────────────────────────────────────────────────────────────────────╯
Trial status: 1 RUNNING
Current time: 2025-04-23 04:59:00. Total running time: 1hr 1min 35s
Logical resource usage: 4.0/16 CPUs, 0.5/2 GPUs (0.0/1.0 accelerator_type:A100)
Current best trial: c3a7e7cb with loss=0.9489495853273163 and params={'learning_rate': 0.00638204909515573, 'batch_size': 128, 'hidden_dim': 32, 'num_layers': 3, 'dropout': 0.2601364522768404, 'model_type': 'gcn'}
╭───────────────────────────────────────────────────────────────────────────────────────────────────────────────────────────────────────────────────────────────────────────────────────────────────────────╮
│ Trial name                   status       learning_rate     batch_size     hidden_dim     num_layers     dropout   model_type       iter     total time (s)      loss     train_loss      rmse        mae │
├───────────────────────────────────────────────────────────────────────────────────────────────────────────────────────────────────────────────────────────────────────────────────────────────────────────┤
│ train_with_params_c3a7e7cb   RUNNING         0.00638205            128             32              3    0.260136   gcn                 9             3490.9   0.94895       0.949712   0.97414   0.813948 │
╰───────────────────────────────────────────────────────────────────────────────────────────────────────────────────────────────────────────────────────────────────────────────────────────────────────────╯
Trial status: 1 RUNNING
Current time: 2025-04-23 04:59:30. Total running time: 1hr 2min 5s
Logical resource usage: 4.0/16 CPUs, 0.5/2 GPUs (0.0/1.0 accelerator_type:A100)
Current best trial: c3a7e7cb with loss=0.9489495853273163 and params={'learning_rate': 0.00638204909515573, 'batch_size': 128, 'hidden_dim': 32, 'num_layers': 3, 'dropout': 0.2601364522768404, 'model_type': 'gcn'}
╭───────────────────────────────────────────────────────────────────────────────────────────────────────────────────────────────────────────────────────────────────────────────────────────────────────────╮
│ Trial name                   status       learning_rate     batch_size     hidden_dim     num_layers     dropout   model_type       iter     total time (s)      loss     train_loss      rmse        mae │
├───────────────────────────────────────────────────────────────────────────────────────────────────────────────────────────────────────────────────────────────────────────────────────────────────────────┤
│ train_with_params_c3a7e7cb   RUNNING         0.00638205            128             32              3    0.260136   gcn                 9             3490.9   0.94895       0.949712   0.97414   0.813948 │
╰───────────────────────────────────────────────────────────────────────────────────────────────────────────────────────────────────────────────────────────────────────────────────────────────────────────╯
Trial status: 1 RUNNING
Current time: 2025-04-23 05:00:00. Total running time: 1hr 2min 35s
Logical resource usage: 4.0/16 CPUs, 0.5/2 GPUs (0.0/1.0 accelerator_type:A100)
Current best trial: c3a7e7cb with loss=0.9489495853273163 and params={'learning_rate': 0.00638204909515573, 'batch_size': 128, 'hidden_dim': 32, 'num_layers': 3, 'dropout': 0.2601364522768404, 'model_type': 'gcn'}
╭───────────────────────────────────────────────────────────────────────────────────────────────────────────────────────────────────────────────────────────────────────────────────────────────────────────╮
│ Trial name                   status       learning_rate     batch_size     hidden_dim     num_layers     dropout   model_type       iter     total time (s)      loss     train_loss      rmse        mae │
├───────────────────────────────────────────────────────────────────────────────────────────────────────────────────────────────────────────────────────────────────────────────────────────────────────────┤
│ train_with_params_c3a7e7cb   RUNNING         0.00638205            128             32              3    0.260136   gcn                 9             3490.9   0.94895       0.949712   0.97414   0.813948 │
╰───────────────────────────────────────────────────────────────────────────────────────────────────────────────────────────────────────────────────────────────────────────────────────────────────────────╯
Trial status: 1 RUNNING
Current time: 2025-04-23 05:00:30. Total running time: 1hr 3min 5s
Logical resource usage: 4.0/16 CPUs, 0.5/2 GPUs (0.0/1.0 accelerator_type:A100)
Current best trial: c3a7e7cb with loss=0.9489495853273163 and params={'learning_rate': 0.00638204909515573, 'batch_size': 128, 'hidden_dim': 32, 'num_layers': 3, 'dropout': 0.2601364522768404, 'model_type': 'gcn'}
╭───────────────────────────────────────────────────────────────────────────────────────────────────────────────────────────────────────────────────────────────────────────────────────────────────────────╮
│ Trial name                   status       learning_rate     batch_size     hidden_dim     num_layers     dropout   model_type       iter     total time (s)      loss     train_loss      rmse        mae │
├───────────────────────────────────────────────────────────────────────────────────────────────────────────────────────────────────────────────────────────────────────────────────────────────────────────┤
│ train_with_params_c3a7e7cb   RUNNING         0.00638205            128             32              3    0.260136   gcn                 9             3490.9   0.94895       0.949712   0.97414   0.813948 │
╰───────────────────────────────────────────────────────────────────────────────────────────────────────────────────────────────────────────────────────────────────────────────────────────────────────────╯
Trial status: 1 RUNNING
Current time: 2025-04-23 05:01:00. Total running time: 1hr 3min 35s
Logical resource usage: 4.0/16 CPUs, 0.5/2 GPUs (0.0/1.0 accelerator_type:A100)
Current best trial: c3a7e7cb with loss=0.9489495853273163 and params={'learning_rate': 0.00638204909515573, 'batch_size': 128, 'hidden_dim': 32, 'num_layers': 3, 'dropout': 0.2601364522768404, 'model_type': 'gcn'}
╭───────────────────────────────────────────────────────────────────────────────────────────────────────────────────────────────────────────────────────────────────────────────────────────────────────────╮
│ Trial name                   status       learning_rate     batch_size     hidden_dim     num_layers     dropout   model_type       iter     total time (s)      loss     train_loss      rmse        mae │
├───────────────────────────────────────────────────────────────────────────────────────────────────────────────────────────────────────────────────────────────────────────────────────────────────────────┤
│ train_with_params_c3a7e7cb   RUNNING         0.00638205            128             32              3    0.260136   gcn                 9             3490.9   0.94895       0.949712   0.97414   0.813948 │
╰───────────────────────────────────────────────────────────────────────────────────────────────────────────────────────────────────────────────────────────────────────────────────────────────────────────╯
Trial status: 1 RUNNING
Current time: 2025-04-23 05:01:30. Total running time: 1hr 4min 5s
Logical resource usage: 4.0/16 CPUs, 0.5/2 GPUs (0.0/1.0 accelerator_type:A100)
Current best trial: c3a7e7cb with loss=0.9489495853273163 and params={'learning_rate': 0.00638204909515573, 'batch_size': 128, 'hidden_dim': 32, 'num_layers': 3, 'dropout': 0.2601364522768404, 'model_type': 'gcn'}
╭───────────────────────────────────────────────────────────────────────────────────────────────────────────────────────────────────────────────────────────────────────────────────────────────────────────╮
│ Trial name                   status       learning_rate     batch_size     hidden_dim     num_layers     dropout   model_type       iter     total time (s)      loss     train_loss      rmse        mae │
├───────────────────────────────────────────────────────────────────────────────────────────────────────────────────────────────────────────────────────────────────────────────────────────────────────────┤
│ train_with_params_c3a7e7cb   RUNNING         0.00638205            128             32              3    0.260136   gcn                 9             3490.9   0.94895       0.949712   0.97414   0.813948 │
╰───────────────────────────────────────────────────────────────────────────────────────────────────────────────────────────────────────────────────────────────────────────────────────────────────────────╯

Trial train_with_params_c3a7e7cb finished iteration 10 at 2025-04-23 05:01:53. Total running time: 1hr 4min 28s
╭──────────────────────────────────────────────────────╮
│ Trial train_with_params_c3a7e7cb result              │
├──────────────────────────────────────────────────────┤
│ checkpoint_dir_name                                  │
│ time_this_iter_s                             371.226 │
│ time_total_s                                 3862.12 │
│ training_iteration                                10 │
│ epoch                                              9 │
│ loss                                         0.94905 │
│ mae                                         0.813822 │
│ r2                                          -0.00016 │
│ rmse                                        0.974193 │
│ train_loss                                   0.94971 │
╰──────────────────────────────────────────────────────╯

Trial status: 1 RUNNING
Current time: 2025-04-23 05:02:00. Total running time: 1hr 4min 35s
Logical resource usage: 4.0/16 CPUs, 0.5/2 GPUs (0.0/1.0 accelerator_type:A100)
Current best trial: c3a7e7cb with loss=0.9490515145892638 and params={'learning_rate': 0.00638204909515573, 'batch_size': 128, 'hidden_dim': 32, 'num_layers': 3, 'dropout': 0.2601364522768404, 'model_type': 'gcn'}
╭─────────────────────────────────────────────────────────────────────────────────────────────────────────────────────────────────────────────────────────────────────────────────────────────────────────────╮
│ Trial name                   status       learning_rate     batch_size     hidden_dim     num_layers     dropout   model_type       iter     total time (s)       loss     train_loss       rmse        mae │
├─────────────────────────────────────────────────────────────────────────────────────────────────────────────────────────────────────────────────────────────────────────────────────────────────────────────┤
│ train_with_params_c3a7e7cb   RUNNING         0.00638205            128             32              3    0.260136   gcn                10            3862.12   0.949052       0.949708   0.974193   0.813822 │
╰─────────────────────────────────────────────────────────────────────────────────────────────────────────────────────────────────────────────────────────────────────────────────────────────────────────────╯
Trial status: 1 RUNNING
Current time: 2025-04-23 05:02:30. Total running time: 1hr 5min 5s
Logical resource usage: 4.0/16 CPUs, 0.5/2 GPUs (0.0/1.0 accelerator_type:A100)
Current best trial: c3a7e7cb with loss=0.9490515145892638 and params={'learning_rate': 0.00638204909515573, 'batch_size': 128, 'hidden_dim': 32, 'num_layers': 3, 'dropout': 0.2601364522768404, 'model_type': 'gcn'}
╭─────────────────────────────────────────────────────────────────────────────────────────────────────────────────────────────────────────────────────────────────────────────────────────────────────────────╮
│ Trial name                   status       learning_rate     batch_size     hidden_dim     num_layers     dropout   model_type       iter     total time (s)       loss     train_loss       rmse        mae │
├─────────────────────────────────────────────────────────────────────────────────────────────────────────────────────────────────────────────────────────────────────────────────────────────────────────────┤
│ train_with_params_c3a7e7cb   RUNNING         0.00638205            128             32              3    0.260136   gcn                10            3862.12   0.949052       0.949708   0.974193   0.813822 │
╰─────────────────────────────────────────────────────────────────────────────────────────────────────────────────────────────────────────────────────────────────────────────────────────────────────────────╯
Trial status: 1 RUNNING
Current time: 2025-04-23 05:03:00. Total running time: 1hr 5min 36s
Logical resource usage: 4.0/16 CPUs, 0.5/2 GPUs (0.0/1.0 accelerator_type:A100)
Current best trial: c3a7e7cb with loss=0.9490515145892638 and params={'learning_rate': 0.00638204909515573, 'batch_size': 128, 'hidden_dim': 32, 'num_layers': 3, 'dropout': 0.2601364522768404, 'model_type': 'gcn'}
╭─────────────────────────────────────────────────────────────────────────────────────────────────────────────────────────────────────────────────────────────────────────────────────────────────────────────╮
│ Trial name                   status       learning_rate     batch_size     hidden_dim     num_layers     dropout   model_type       iter     total time (s)       loss     train_loss       rmse        mae │
├─────────────────────────────────────────────────────────────────────────────────────────────────────────────────────────────────────────────────────────────────────────────────────────────────────────────┤
│ train_with_params_c3a7e7cb   RUNNING         0.00638205            128             32              3    0.260136   gcn                10            3862.12   0.949052       0.949708   0.974193   0.813822 │
╰─────────────────────────────────────────────────────────────────────────────────────────────────────────────────────────────────────────────────────────────────────────────────────────────────────────────╯
Trial status: 1 RUNNING
Current time: 2025-04-23 05:03:30. Total running time: 1hr 6min 6s
Logical resource usage: 4.0/16 CPUs, 0.5/2 GPUs (0.0/1.0 accelerator_type:A100)
Current best trial: c3a7e7cb with loss=0.9490515145892638 and params={'learning_rate': 0.00638204909515573, 'batch_size': 128, 'hidden_dim': 32, 'num_layers': 3, 'dropout': 0.2601364522768404, 'model_type': 'gcn'}
╭─────────────────────────────────────────────────────────────────────────────────────────────────────────────────────────────────────────────────────────────────────────────────────────────────────────────╮
│ Trial name                   status       learning_rate     batch_size     hidden_dim     num_layers     dropout   model_type       iter     total time (s)       loss     train_loss       rmse        mae │
├─────────────────────────────────────────────────────────────────────────────────────────────────────────────────────────────────────────────────────────────────────────────────────────────────────────────┤
│ train_with_params_c3a7e7cb   RUNNING         0.00638205            128             32              3    0.260136   gcn                10            3862.12   0.949052       0.949708   0.974193   0.813822 │
╰─────────────────────────────────────────────────────────────────────────────────────────────────────────────────────────────────────────────────────────────────────────────────────────────────────────────╯
Trial status: 1 RUNNING
Current time: 2025-04-23 05:04:00. Total running time: 1hr 6min 36s
Logical resource usage: 4.0/16 CPUs, 0.5/2 GPUs (0.0/1.0 accelerator_type:A100)
Current best trial: c3a7e7cb with loss=0.9490515145892638 and params={'learning_rate': 0.00638204909515573, 'batch_size': 128, 'hidden_dim': 32, 'num_layers': 3, 'dropout': 0.2601364522768404, 'model_type': 'gcn'}
╭─────────────────────────────────────────────────────────────────────────────────────────────────────────────────────────────────────────────────────────────────────────────────────────────────────────────╮
│ Trial name                   status       learning_rate     batch_size     hidden_dim     num_layers     dropout   model_type       iter     total time (s)       loss     train_loss       rmse        mae │
├─────────────────────────────────────────────────────────────────────────────────────────────────────────────────────────────────────────────────────────────────────────────────────────────────────────────┤
│ train_with_params_c3a7e7cb   RUNNING         0.00638205            128             32              3    0.260136   gcn                10            3862.12   0.949052       0.949708   0.974193   0.813822 │
╰─────────────────────────────────────────────────────────────────────────────────────────────────────────────────────────────────────────────────────────────────────────────────────────────────────────────╯
Trial status: 1 RUNNING
Current time: 2025-04-23 05:04:30. Total running time: 1hr 7min 6s
Logical resource usage: 4.0/16 CPUs, 0.5/2 GPUs (0.0/1.0 accelerator_type:A100)
Current best trial: c3a7e7cb with loss=0.9490515145892638 and params={'learning_rate': 0.00638204909515573, 'batch_size': 128, 'hidden_dim': 32, 'num_layers': 3, 'dropout': 0.2601364522768404, 'model_type': 'gcn'}
╭─────────────────────────────────────────────────────────────────────────────────────────────────────────────────────────────────────────────────────────────────────────────────────────────────────────────╮
│ Trial name                   status       learning_rate     batch_size     hidden_dim     num_layers     dropout   model_type       iter     total time (s)       loss     train_loss       rmse        mae │
├─────────────────────────────────────────────────────────────────────────────────────────────────────────────────────────────────────────────────────────────────────────────────────────────────────────────┤
│ train_with_params_c3a7e7cb   RUNNING         0.00638205            128             32              3    0.260136   gcn                10            3862.12   0.949052       0.949708   0.974193   0.813822 │
╰─────────────────────────────────────────────────────────────────────────────────────────────────────────────────────────────────────────────────────────────────────────────────────────────────────────────╯
Trial status: 1 RUNNING
Current time: 2025-04-23 05:05:00. Total running time: 1hr 7min 36s
Logical resource usage: 4.0/16 CPUs, 0.5/2 GPUs (0.0/1.0 accelerator_type:A100)
Current best trial: c3a7e7cb with loss=0.9490515145892638 and params={'learning_rate': 0.00638204909515573, 'batch_size': 128, 'hidden_dim': 32, 'num_layers': 3, 'dropout': 0.2601364522768404, 'model_type': 'gcn'}
╭─────────────────────────────────────────────────────────────────────────────────────────────────────────────────────────────────────────────────────────────────────────────────────────────────────────────╮
│ Trial name                   status       learning_rate     batch_size     hidden_dim     num_layers     dropout   model_type       iter     total time (s)       loss     train_loss       rmse        mae │
├─────────────────────────────────────────────────────────────────────────────────────────────────────────────────────────────────────────────────────────────────────────────────────────────────────────────┤
│ train_with_params_c3a7e7cb   RUNNING         0.00638205            128             32              3    0.260136   gcn                10            3862.12   0.949052       0.949708   0.974193   0.813822 │
╰─────────────────────────────────────────────────────────────────────────────────────────────────────────────────────────────────────────────────────────────────────────────────────────────────────────────╯
Trial status: 1 RUNNING
Current time: 2025-04-23 05:05:30. Total running time: 1hr 8min 6s
Logical resource usage: 4.0/16 CPUs, 0.5/2 GPUs (0.0/1.0 accelerator_type:A100)
Current best trial: c3a7e7cb with loss=0.9490515145892638 and params={'learning_rate': 0.00638204909515573, 'batch_size': 128, 'hidden_dim': 32, 'num_layers': 3, 'dropout': 0.2601364522768404, 'model_type': 'gcn'}
╭─────────────────────────────────────────────────────────────────────────────────────────────────────────────────────────────────────────────────────────────────────────────────────────────────────────────╮
│ Trial name                   status       learning_rate     batch_size     hidden_dim     num_layers     dropout   model_type       iter     total time (s)       loss     train_loss       rmse        mae │
├─────────────────────────────────────────────────────────────────────────────────────────────────────────────────────────────────────────────────────────────────────────────────────────────────────────────┤
│ train_with_params_c3a7e7cb   RUNNING         0.00638205            128             32              3    0.260136   gcn                10            3862.12   0.949052       0.949708   0.974193   0.813822 │
╰─────────────────────────────────────────────────────────────────────────────────────────────────────────────────────────────────────────────────────────────────────────────────────────────────────────────╯
Trial status: 1 RUNNING
Current time: 2025-04-23 05:06:00. Total running time: 1hr 8min 36s
Logical resource usage: 4.0/16 CPUs, 0.5/2 GPUs (0.0/1.0 accelerator_type:A100)
Current best trial: c3a7e7cb with loss=0.9490515145892638 and params={'learning_rate': 0.00638204909515573, 'batch_size': 128, 'hidden_dim': 32, 'num_layers': 3, 'dropout': 0.2601364522768404, 'model_type': 'gcn'}
╭─────────────────────────────────────────────────────────────────────────────────────────────────────────────────────────────────────────────────────────────────────────────────────────────────────────────╮
│ Trial name                   status       learning_rate     batch_size     hidden_dim     num_layers     dropout   model_type       iter     total time (s)       loss     train_loss       rmse        mae │
├─────────────────────────────────────────────────────────────────────────────────────────────────────────────────────────────────────────────────────────────────────────────────────────────────────────────┤
│ train_with_params_c3a7e7cb   RUNNING         0.00638205            128             32              3    0.260136   gcn                10            3862.12   0.949052       0.949708   0.974193   0.813822 │
╰─────────────────────────────────────────────────────────────────────────────────────────────────────────────────────────────────────────────────────────────────────────────────────────────────────────────╯
Trial status: 1 RUNNING
Current time: 2025-04-23 05:06:30. Total running time: 1hr 9min 6s
Logical resource usage: 4.0/16 CPUs, 0.5/2 GPUs (0.0/1.0 accelerator_type:A100)
Current best trial: c3a7e7cb with loss=0.9490515145892638 and params={'learning_rate': 0.00638204909515573, 'batch_size': 128, 'hidden_dim': 32, 'num_layers': 3, 'dropout': 0.2601364522768404, 'model_type': 'gcn'}
╭─────────────────────────────────────────────────────────────────────────────────────────────────────────────────────────────────────────────────────────────────────────────────────────────────────────────╮
│ Trial name                   status       learning_rate     batch_size     hidden_dim     num_layers     dropout   model_type       iter     total time (s)       loss     train_loss       rmse        mae │
├─────────────────────────────────────────────────────────────────────────────────────────────────────────────────────────────────────────────────────────────────────────────────────────────────────────────┤
│ train_with_params_c3a7e7cb   RUNNING         0.00638205            128             32              3    0.260136   gcn                10            3862.12   0.949052       0.949708   0.974193   0.813822 │
╰─────────────────────────────────────────────────────────────────────────────────────────────────────────────────────────────────────────────────────────────────────────────────────────────────────────────╯
Trial status: 1 RUNNING
Current time: 2025-04-23 05:07:00. Total running time: 1hr 9min 36s
Logical resource usage: 4.0/16 CPUs, 0.5/2 GPUs (0.0/1.0 accelerator_type:A100)
Current best trial: c3a7e7cb with loss=0.9490515145892638 and params={'learning_rate': 0.00638204909515573, 'batch_size': 128, 'hidden_dim': 32, 'num_layers': 3, 'dropout': 0.2601364522768404, 'model_type': 'gcn'}
╭─────────────────────────────────────────────────────────────────────────────────────────────────────────────────────────────────────────────────────────────────────────────────────────────────────────────╮
│ Trial name                   status       learning_rate     batch_size     hidden_dim     num_layers     dropout   model_type       iter     total time (s)       loss     train_loss       rmse        mae │
├─────────────────────────────────────────────────────────────────────────────────────────────────────────────────────────────────────────────────────────────────────────────────────────────────────────────┤
│ train_with_params_c3a7e7cb   RUNNING         0.00638205            128             32              3    0.260136   gcn                10            3862.12   0.949052       0.949708   0.974193   0.813822 │
╰─────────────────────────────────────────────────────────────────────────────────────────────────────────────────────────────────────────────────────────────────────────────────────────────────────────────╯
Trial status: 1 RUNNING
Current time: 2025-04-23 05:07:30. Total running time: 1hr 10min 6s
Logical resource usage: 4.0/16 CPUs, 0.5/2 GPUs (0.0/1.0 accelerator_type:A100)
Current best trial: c3a7e7cb with loss=0.9490515145892638 and params={'learning_rate': 0.00638204909515573, 'batch_size': 128, 'hidden_dim': 32, 'num_layers': 3, 'dropout': 0.2601364522768404, 'model_type': 'gcn'}
╭─────────────────────────────────────────────────────────────────────────────────────────────────────────────────────────────────────────────────────────────────────────────────────────────────────────────╮
│ Trial name                   status       learning_rate     batch_size     hidden_dim     num_layers     dropout   model_type       iter     total time (s)       loss     train_loss       rmse        mae │
├─────────────────────────────────────────────────────────────────────────────────────────────────────────────────────────────────────────────────────────────────────────────────────────────────────────────┤
│ train_with_params_c3a7e7cb   RUNNING         0.00638205            128             32              3    0.260136   gcn                10            3862.12   0.949052       0.949708   0.974193   0.813822 │
╰─────────────────────────────────────────────────────────────────────────────────────────────────────────────────────────────────────────────────────────────────────────────────────────────────────────────╯
Trial status: 1 RUNNING
Current time: 2025-04-23 05:08:00. Total running time: 1hr 10min 36s
Logical resource usage: 4.0/16 CPUs, 0.5/2 GPUs (0.0/1.0 accelerator_type:A100)
Current best trial: c3a7e7cb with loss=0.9490515145892638 and params={'learning_rate': 0.00638204909515573, 'batch_size': 128, 'hidden_dim': 32, 'num_layers': 3, 'dropout': 0.2601364522768404, 'model_type': 'gcn'}
╭─────────────────────────────────────────────────────────────────────────────────────────────────────────────────────────────────────────────────────────────────────────────────────────────────────────────╮
│ Trial name                   status       learning_rate     batch_size     hidden_dim     num_layers     dropout   model_type       iter     total time (s)       loss     train_loss       rmse        mae │
├─────────────────────────────────────────────────────────────────────────────────────────────────────────────────────────────────────────────────────────────────────────────────────────────────────────────┤
│ train_with_params_c3a7e7cb   RUNNING         0.00638205            128             32              3    0.260136   gcn                10            3862.12   0.949052       0.949708   0.974193   0.813822 │
╰─────────────────────────────────────────────────────────────────────────────────────────────────────────────────────────────────────────────────────────────────────────────────────────────────────────────╯

Trial train_with_params_c3a7e7cb finished iteration 11 at 2025-04-23 05:08:04. Total running time: 1hr 10min 39s
╭──────────────────────────────────────────────────────╮
│ Trial train_with_params_c3a7e7cb result              │
├──────────────────────────────────────────────────────┤
│ checkpoint_dir_name                                  │
│ time_this_iter_s                              371.24 │
│ time_total_s                                 4233.36 │
│ training_iteration                                11 │
│ epoch                                             10 │
│ loss                                         0.94914 │
│ mae                                         0.813757 │
│ r2                                          -0.00025 │
│ rmse                                        0.974237 │
│ train_loss                                   0.94973 │
╰──────────────────────────────────────────────────────╯

Trial status: 1 RUNNING
Current time: 2025-04-23 05:08:30. Total running time: 1hr 11min 6s
Logical resource usage: 4.0/16 CPUs, 0.5/2 GPUs (0.0/1.0 accelerator_type:A100)
Current best trial: c3a7e7cb with loss=0.9491368938672553 and params={'learning_rate': 0.00638204909515573, 'batch_size': 128, 'hidden_dim': 32, 'num_layers': 3, 'dropout': 0.2601364522768404, 'model_type': 'gcn'}
╭─────────────────────────────────────────────────────────────────────────────────────────────────────────────────────────────────────────────────────────────────────────────────────────────────────────────╮
│ Trial name                   status       learning_rate     batch_size     hidden_dim     num_layers     dropout   model_type       iter     total time (s)       loss     train_loss       rmse        mae │
├─────────────────────────────────────────────────────────────────────────────────────────────────────────────────────────────────────────────────────────────────────────────────────────────────────────────┤
│ train_with_params_c3a7e7cb   RUNNING         0.00638205            128             32              3    0.260136   gcn                11            4233.36   0.949137       0.949734   0.974237   0.813757 │
╰─────────────────────────────────────────────────────────────────────────────────────────────────────────────────────────────────────────────────────────────────────────────────────────────────────────────╯
Trial status: 1 RUNNING
Current time: 2025-04-23 05:09:00. Total running time: 1hr 11min 36s
Logical resource usage: 4.0/16 CPUs, 0.5/2 GPUs (0.0/1.0 accelerator_type:A100)
Current best trial: c3a7e7cb with loss=0.9491368938672553 and params={'learning_rate': 0.00638204909515573, 'batch_size': 128, 'hidden_dim': 32, 'num_layers': 3, 'dropout': 0.2601364522768404, 'model_type': 'gcn'}
╭─────────────────────────────────────────────────────────────────────────────────────────────────────────────────────────────────────────────────────────────────────────────────────────────────────────────╮
│ Trial name                   status       learning_rate     batch_size     hidden_dim     num_layers     dropout   model_type       iter     total time (s)       loss     train_loss       rmse        mae │
├─────────────────────────────────────────────────────────────────────────────────────────────────────────────────────────────────────────────────────────────────────────────────────────────────────────────┤
│ train_with_params_c3a7e7cb   RUNNING         0.00638205            128             32              3    0.260136   gcn                11            4233.36   0.949137       0.949734   0.974237   0.813757 │
╰─────────────────────────────────────────────────────────────────────────────────────────────────────────────────────────────────────────────────────────────────────────────────────────────────────────────╯
Trial status: 1 RUNNING
Current time: 2025-04-23 05:09:31. Total running time: 1hr 12min 6s
Logical resource usage: 4.0/16 CPUs, 0.5/2 GPUs (0.0/1.0 accelerator_type:A100)
Current best trial: c3a7e7cb with loss=0.9491368938672553 and params={'learning_rate': 0.00638204909515573, 'batch_size': 128, 'hidden_dim': 32, 'num_layers': 3, 'dropout': 0.2601364522768404, 'model_type': 'gcn'}
╭─────────────────────────────────────────────────────────────────────────────────────────────────────────────────────────────────────────────────────────────────────────────────────────────────────────────╮
│ Trial name                   status       learning_rate     batch_size     hidden_dim     num_layers     dropout   model_type       iter     total time (s)       loss     train_loss       rmse        mae │
├─────────────────────────────────────────────────────────────────────────────────────────────────────────────────────────────────────────────────────────────────────────────────────────────────────────────┤
│ train_with_params_c3a7e7cb   RUNNING         0.00638205            128             32              3    0.260136   gcn                11            4233.36   0.949137       0.949734   0.974237   0.813757 │
╰─────────────────────────────────────────────────────────────────────────────────────────────────────────────────────────────────────────────────────────────────────────────────────────────────────────────╯
Trial status: 1 RUNNING
Current time: 2025-04-23 05:10:01. Total running time: 1hr 12min 36s
Logical resource usage: 4.0/16 CPUs, 0.5/2 GPUs (0.0/1.0 accelerator_type:A100)
Current best trial: c3a7e7cb with loss=0.9491368938672553 and params={'learning_rate': 0.00638204909515573, 'batch_size': 128, 'hidden_dim': 32, 'num_layers': 3, 'dropout': 0.2601364522768404, 'model_type': 'gcn'}
╭─────────────────────────────────────────────────────────────────────────────────────────────────────────────────────────────────────────────────────────────────────────────────────────────────────────────╮
│ Trial name                   status       learning_rate     batch_size     hidden_dim     num_layers     dropout   model_type       iter     total time (s)       loss     train_loss       rmse        mae │
├─────────────────────────────────────────────────────────────────────────────────────────────────────────────────────────────────────────────────────────────────────────────────────────────────────────────┤
│ train_with_params_c3a7e7cb   RUNNING         0.00638205            128             32              3    0.260136   gcn                11            4233.36   0.949137       0.949734   0.974237   0.813757 │
╰─────────────────────────────────────────────────────────────────────────────────────────────────────────────────────────────────────────────────────────────────────────────────────────────────────────────╯
Trial status: 1 RUNNING
Current time: 2025-04-23 05:10:31. Total running time: 1hr 13min 6s
Logical resource usage: 4.0/16 CPUs, 0.5/2 GPUs (0.0/1.0 accelerator_type:A100)
Current best trial: c3a7e7cb with loss=0.9491368938672553 and params={'learning_rate': 0.00638204909515573, 'batch_size': 128, 'hidden_dim': 32, 'num_layers': 3, 'dropout': 0.2601364522768404, 'model_type': 'gcn'}
╭─────────────────────────────────────────────────────────────────────────────────────────────────────────────────────────────────────────────────────────────────────────────────────────────────────────────╮
│ Trial name                   status       learning_rate     batch_size     hidden_dim     num_layers     dropout   model_type       iter     total time (s)       loss     train_loss       rmse        mae │
├─────────────────────────────────────────────────────────────────────────────────────────────────────────────────────────────────────────────────────────────────────────────────────────────────────────────┤
│ train_with_params_c3a7e7cb   RUNNING         0.00638205            128             32              3    0.260136   gcn                11            4233.36   0.949137       0.949734   0.974237   0.813757 │
╰─────────────────────────────────────────────────────────────────────────────────────────────────────────────────────────────────────────────────────────────────────────────────────────────────────────────╯
Trial status: 1 RUNNING
Current time: 2025-04-23 05:11:01. Total running time: 1hr 13min 36s
Logical resource usage: 4.0/16 CPUs, 0.5/2 GPUs (0.0/1.0 accelerator_type:A100)
Current best trial: c3a7e7cb with loss=0.9491368938672553 and params={'learning_rate': 0.00638204909515573, 'batch_size': 128, 'hidden_dim': 32, 'num_layers': 3, 'dropout': 0.2601364522768404, 'model_type': 'gcn'}
╭─────────────────────────────────────────────────────────────────────────────────────────────────────────────────────────────────────────────────────────────────────────────────────────────────────────────╮
│ Trial name                   status       learning_rate     batch_size     hidden_dim     num_layers     dropout   model_type       iter     total time (s)       loss     train_loss       rmse        mae │
├─────────────────────────────────────────────────────────────────────────────────────────────────────────────────────────────────────────────────────────────────────────────────────────────────────────────┤
│ train_with_params_c3a7e7cb   RUNNING         0.00638205            128             32              3    0.260136   gcn                11            4233.36   0.949137       0.949734   0.974237   0.813757 │
╰─────────────────────────────────────────────────────────────────────────────────────────────────────────────────────────────────────────────────────────────────────────────────────────────────────────────╯
Trial status: 1 RUNNING
Current time: 2025-04-23 05:11:31. Total running time: 1hr 14min 6s
Logical resource usage: 4.0/16 CPUs, 0.5/2 GPUs (0.0/1.0 accelerator_type:A100)
Current best trial: c3a7e7cb with loss=0.9491368938672553 and params={'learning_rate': 0.00638204909515573, 'batch_size': 128, 'hidden_dim': 32, 'num_layers': 3, 'dropout': 0.2601364522768404, 'model_type': 'gcn'}
╭─────────────────────────────────────────────────────────────────────────────────────────────────────────────────────────────────────────────────────────────────────────────────────────────────────────────╮
│ Trial name                   status       learning_rate     batch_size     hidden_dim     num_layers     dropout   model_type       iter     total time (s)       loss     train_loss       rmse        mae │
├─────────────────────────────────────────────────────────────────────────────────────────────────────────────────────────────────────────────────────────────────────────────────────────────────────────────┤
│ train_with_params_c3a7e7cb   RUNNING         0.00638205            128             32              3    0.260136   gcn                11            4233.36   0.949137       0.949734   0.974237   0.813757 │
╰─────────────────────────────────────────────────────────────────────────────────────────────────────────────────────────────────────────────────────────────────────────────────────────────────────────────╯
Trial status: 1 RUNNING
Current time: 2025-04-23 05:12:01. Total running time: 1hr 14min 36s
Logical resource usage: 4.0/16 CPUs, 0.5/2 GPUs (0.0/1.0 accelerator_type:A100)
Current best trial: c3a7e7cb with loss=0.9491368938672553 and params={'learning_rate': 0.00638204909515573, 'batch_size': 128, 'hidden_dim': 32, 'num_layers': 3, 'dropout': 0.2601364522768404, 'model_type': 'gcn'}
╭─────────────────────────────────────────────────────────────────────────────────────────────────────────────────────────────────────────────────────────────────────────────────────────────────────────────╮
│ Trial name                   status       learning_rate     batch_size     hidden_dim     num_layers     dropout   model_type       iter     total time (s)       loss     train_loss       rmse        mae │
├─────────────────────────────────────────────────────────────────────────────────────────────────────────────────────────────────────────────────────────────────────────────────────────────────────────────┤
│ train_with_params_c3a7e7cb   RUNNING         0.00638205            128             32              3    0.260136   gcn                11            4233.36   0.949137       0.949734   0.974237   0.813757 │
╰─────────────────────────────────────────────────────────────────────────────────────────────────────────────────────────────────────────────────────────────────────────────────────────────────────────────╯
Trial status: 1 RUNNING
Current time: 2025-04-23 05:12:31. Total running time: 1hr 15min 6s
Logical resource usage: 4.0/16 CPUs, 0.5/2 GPUs (0.0/1.0 accelerator_type:A100)
Current best trial: c3a7e7cb with loss=0.9491368938672553 and params={'learning_rate': 0.00638204909515573, 'batch_size': 128, 'hidden_dim': 32, 'num_layers': 3, 'dropout': 0.2601364522768404, 'model_type': 'gcn'}
╭─────────────────────────────────────────────────────────────────────────────────────────────────────────────────────────────────────────────────────────────────────────────────────────────────────────────╮
│ Trial name                   status       learning_rate     batch_size     hidden_dim     num_layers     dropout   model_type       iter     total time (s)       loss     train_loss       rmse        mae │
├─────────────────────────────────────────────────────────────────────────────────────────────────────────────────────────────────────────────────────────────────────────────────────────────────────────────┤
│ train_with_params_c3a7e7cb   RUNNING         0.00638205            128             32              3    0.260136   gcn                11            4233.36   0.949137       0.949734   0.974237   0.813757 │
╰─────────────────────────────────────────────────────────────────────────────────────────────────────────────────────────────────────────────────────────────────────────────────────────────────────────────╯
Trial status: 1 RUNNING
Current time: 2025-04-23 05:13:01. Total running time: 1hr 15min 36s
Logical resource usage: 4.0/16 CPUs, 0.5/2 GPUs (0.0/1.0 accelerator_type:A100)
Current best trial: c3a7e7cb with loss=0.9491368938672553 and params={'learning_rate': 0.00638204909515573, 'batch_size': 128, 'hidden_dim': 32, 'num_layers': 3, 'dropout': 0.2601364522768404, 'model_type': 'gcn'}
╭─────────────────────────────────────────────────────────────────────────────────────────────────────────────────────────────────────────────────────────────────────────────────────────────────────────────╮
│ Trial name                   status       learning_rate     batch_size     hidden_dim     num_layers     dropout   model_type       iter     total time (s)       loss     train_loss       rmse        mae │
├─────────────────────────────────────────────────────────────────────────────────────────────────────────────────────────────────────────────────────────────────────────────────────────────────────────────┤
│ train_with_params_c3a7e7cb   RUNNING         0.00638205            128             32              3    0.260136   gcn                11            4233.36   0.949137       0.949734   0.974237   0.813757 │
╰─────────────────────────────────────────────────────────────────────────────────────────────────────────────────────────────────────────────────────────────────────────────────────────────────────────────╯
Trial status: 1 RUNNING
Current time: 2025-04-23 05:13:31. Total running time: 1hr 16min 6s
Logical resource usage: 4.0/16 CPUs, 0.5/2 GPUs (0.0/1.0 accelerator_type:A100)
Current best trial: c3a7e7cb with loss=0.9491368938672553 and params={'learning_rate': 0.00638204909515573, 'batch_size': 128, 'hidden_dim': 32, 'num_layers': 3, 'dropout': 0.2601364522768404, 'model_type': 'gcn'}
╭─────────────────────────────────────────────────────────────────────────────────────────────────────────────────────────────────────────────────────────────────────────────────────────────────────────────╮
│ Trial name                   status       learning_rate     batch_size     hidden_dim     num_layers     dropout   model_type       iter     total time (s)       loss     train_loss       rmse        mae │
├─────────────────────────────────────────────────────────────────────────────────────────────────────────────────────────────────────────────────────────────────────────────────────────────────────────────┤
│ train_with_params_c3a7e7cb   RUNNING         0.00638205            128             32              3    0.260136   gcn                11            4233.36   0.949137       0.949734   0.974237   0.813757 │
╰─────────────────────────────────────────────────────────────────────────────────────────────────────────────────────────────────────────────────────────────────────────────────────────────────────────────╯
Trial status: 1 RUNNING
Current time: 2025-04-23 05:14:01. Total running time: 1hr 16min 36s
Logical resource usage: 4.0/16 CPUs, 0.5/2 GPUs (0.0/1.0 accelerator_type:A100)
Current best trial: c3a7e7cb with loss=0.9491368938672553 and params={'learning_rate': 0.00638204909515573, 'batch_size': 128, 'hidden_dim': 32, 'num_layers': 3, 'dropout': 0.2601364522768404, 'model_type': 'gcn'}
╭─────────────────────────────────────────────────────────────────────────────────────────────────────────────────────────────────────────────────────────────────────────────────────────────────────────────╮
│ Trial name                   status       learning_rate     batch_size     hidden_dim     num_layers     dropout   model_type       iter     total time (s)       loss     train_loss       rmse        mae │
├─────────────────────────────────────────────────────────────────────────────────────────────────────────────────────────────────────────────────────────────────────────────────────────────────────────────┤
│ train_with_params_c3a7e7cb   RUNNING         0.00638205            128             32              3    0.260136   gcn                11            4233.36   0.949137       0.949734   0.974237   0.813757 │
╰─────────────────────────────────────────────────────────────────────────────────────────────────────────────────────────────────────────────────────────────────────────────────────────────────────────────╯

Trial train_with_params_c3a7e7cb finished iteration 12 at 2025-04-23 05:14:15. Total running time: 1hr 16min 51s
╭──────────────────────────────────────────────────────╮
│ Trial train_with_params_c3a7e7cb result              │
├──────────────────────────────────────────────────────┤
│ checkpoint_dir_name                                  │
│ time_this_iter_s                             371.167 │
│ time_total_s                                 4604.53 │
│ training_iteration                                12 │
│ epoch                                             11 │
│ loss                                         0.94891 │
│ mae                                         0.814207 │
│ r2                                            -1e-05 │
│ rmse                                         0.97412 │
│ train_loss                                   0.94972 │
╰──────────────────────────────────────────────────────╯

Trial status: 1 RUNNING
Current time: 2025-04-23 05:14:31. Total running time: 1hr 17min 7s
Logical resource usage: 4.0/16 CPUs, 0.5/2 GPUs (0.0/1.0 accelerator_type:A100)
Current best trial: c3a7e7cb with loss=0.9489101495708958 and params={'learning_rate': 0.00638204909515573, 'batch_size': 128, 'hidden_dim': 32, 'num_layers': 3, 'dropout': 0.2601364522768404, 'model_type': 'gcn'}
╭───────────────────────────────────────────────────────────────────────────────────────────────────────────────────────────────────────────────────────────────────────────────────────────────────────────╮
│ Trial name                   status       learning_rate     batch_size     hidden_dim     num_layers     dropout   model_type       iter     total time (s)      loss     train_loss      rmse        mae │
├───────────────────────────────────────────────────────────────────────────────────────────────────────────────────────────────────────────────────────────────────────────────────────────────────────────┤
│ train_with_params_c3a7e7cb   RUNNING         0.00638205            128             32              3    0.260136   gcn                12            4604.53   0.94891       0.949722   0.97412   0.814207 │
╰───────────────────────────────────────────────────────────────────────────────────────────────────────────────────────────────────────────────────────────────────────────────────────────────────────────╯
Trial status: 1 RUNNING
Current time: 2025-04-23 05:15:01. Total running time: 1hr 17min 37s
Logical resource usage: 4.0/16 CPUs, 0.5/2 GPUs (0.0/1.0 accelerator_type:A100)
Current best trial: c3a7e7cb with loss=0.9489101495708958 and params={'learning_rate': 0.00638204909515573, 'batch_size': 128, 'hidden_dim': 32, 'num_layers': 3, 'dropout': 0.2601364522768404, 'model_type': 'gcn'}
╭───────────────────────────────────────────────────────────────────────────────────────────────────────────────────────────────────────────────────────────────────────────────────────────────────────────╮
│ Trial name                   status       learning_rate     batch_size     hidden_dim     num_layers     dropout   model_type       iter     total time (s)      loss     train_loss      rmse        mae │
├───────────────────────────────────────────────────────────────────────────────────────────────────────────────────────────────────────────────────────────────────────────────────────────────────────────┤
│ train_with_params_c3a7e7cb   RUNNING         0.00638205            128             32              3    0.260136   gcn                12            4604.53   0.94891       0.949722   0.97412   0.814207 │
╰───────────────────────────────────────────────────────────────────────────────────────────────────────────────────────────────────────────────────────────────────────────────────────────────────────────╯
Trial status: 1 RUNNING
Current time: 2025-04-23 05:15:31. Total running time: 1hr 18min 7s
Logical resource usage: 4.0/16 CPUs, 0.5/2 GPUs (0.0/1.0 accelerator_type:A100)
Current best trial: c3a7e7cb with loss=0.9489101495708958 and params={'learning_rate': 0.00638204909515573, 'batch_size': 128, 'hidden_dim': 32, 'num_layers': 3, 'dropout': 0.2601364522768404, 'model_type': 'gcn'}
╭───────────────────────────────────────────────────────────────────────────────────────────────────────────────────────────────────────────────────────────────────────────────────────────────────────────╮
│ Trial name                   status       learning_rate     batch_size     hidden_dim     num_layers     dropout   model_type       iter     total time (s)      loss     train_loss      rmse        mae │
├───────────────────────────────────────────────────────────────────────────────────────────────────────────────────────────────────────────────────────────────────────────────────────────────────────────┤
│ train_with_params_c3a7e7cb   RUNNING         0.00638205            128             32              3    0.260136   gcn                12            4604.53   0.94891       0.949722   0.97412   0.814207 │
╰───────────────────────────────────────────────────────────────────────────────────────────────────────────────────────────────────────────────────────────────────────────────────────────────────────────╯
Trial status: 1 RUNNING
Current time: 2025-04-23 05:16:01. Total running time: 1hr 18min 37s
Logical resource usage: 4.0/16 CPUs, 0.5/2 GPUs (0.0/1.0 accelerator_type:A100)
Current best trial: c3a7e7cb with loss=0.9489101495708958 and params={'learning_rate': 0.00638204909515573, 'batch_size': 128, 'hidden_dim': 32, 'num_layers': 3, 'dropout': 0.2601364522768404, 'model_type': 'gcn'}
╭───────────────────────────────────────────────────────────────────────────────────────────────────────────────────────────────────────────────────────────────────────────────────────────────────────────╮
│ Trial name                   status       learning_rate     batch_size     hidden_dim     num_layers     dropout   model_type       iter     total time (s)      loss     train_loss      rmse        mae │
├───────────────────────────────────────────────────────────────────────────────────────────────────────────────────────────────────────────────────────────────────────────────────────────────────────────┤
│ train_with_params_c3a7e7cb   RUNNING         0.00638205            128             32              3    0.260136   gcn                12            4604.53   0.94891       0.949722   0.97412   0.814207 │
╰───────────────────────────────────────────────────────────────────────────────────────────────────────────────────────────────────────────────────────────────────────────────────────────────────────────╯
Trial status: 1 RUNNING
Current time: 2025-04-23 05:16:31. Total running time: 1hr 19min 7s
Logical resource usage: 4.0/16 CPUs, 0.5/2 GPUs (0.0/1.0 accelerator_type:A100)
Current best trial: c3a7e7cb with loss=0.9489101495708958 and params={'learning_rate': 0.00638204909515573, 'batch_size': 128, 'hidden_dim': 32, 'num_layers': 3, 'dropout': 0.2601364522768404, 'model_type': 'gcn'}
╭───────────────────────────────────────────────────────────────────────────────────────────────────────────────────────────────────────────────────────────────────────────────────────────────────────────╮
│ Trial name                   status       learning_rate     batch_size     hidden_dim     num_layers     dropout   model_type       iter     total time (s)      loss     train_loss      rmse        mae │
├───────────────────────────────────────────────────────────────────────────────────────────────────────────────────────────────────────────────────────────────────────────────────────────────────────────┤
│ train_with_params_c3a7e7cb   RUNNING         0.00638205            128             32              3    0.260136   gcn                12            4604.53   0.94891       0.949722   0.97412   0.814207 │
╰───────────────────────────────────────────────────────────────────────────────────────────────────────────────────────────────────────────────────────────────────────────────────────────────────────────╯
Trial status: 1 RUNNING
Current time: 2025-04-23 05:17:01. Total running time: 1hr 19min 37s
Logical resource usage: 4.0/16 CPUs, 0.5/2 GPUs (0.0/1.0 accelerator_type:A100)
Current best trial: c3a7e7cb with loss=0.9489101495708958 and params={'learning_rate': 0.00638204909515573, 'batch_size': 128, 'hidden_dim': 32, 'num_layers': 3, 'dropout': 0.2601364522768404, 'model_type': 'gcn'}
╭───────────────────────────────────────────────────────────────────────────────────────────────────────────────────────────────────────────────────────────────────────────────────────────────────────────╮
│ Trial name                   status       learning_rate     batch_size     hidden_dim     num_layers     dropout   model_type       iter     total time (s)      loss     train_loss      rmse        mae │
├───────────────────────────────────────────────────────────────────────────────────────────────────────────────────────────────────────────────────────────────────────────────────────────────────────────┤
│ train_with_params_c3a7e7cb   RUNNING         0.00638205            128             32              3    0.260136   gcn                12            4604.53   0.94891       0.949722   0.97412   0.814207 │
╰───────────────────────────────────────────────────────────────────────────────────────────────────────────────────────────────────────────────────────────────────────────────────────────────────────────╯
Trial status: 1 RUNNING
Current time: 2025-04-23 05:17:31. Total running time: 1hr 20min 7s
Logical resource usage: 4.0/16 CPUs, 0.5/2 GPUs (0.0/1.0 accelerator_type:A100)
Current best trial: c3a7e7cb with loss=0.9489101495708958 and params={'learning_rate': 0.00638204909515573, 'batch_size': 128, 'hidden_dim': 32, 'num_layers': 3, 'dropout': 0.2601364522768404, 'model_type': 'gcn'}
╭───────────────────────────────────────────────────────────────────────────────────────────────────────────────────────────────────────────────────────────────────────────────────────────────────────────╮
│ Trial name                   status       learning_rate     batch_size     hidden_dim     num_layers     dropout   model_type       iter     total time (s)      loss     train_loss      rmse        mae │
├───────────────────────────────────────────────────────────────────────────────────────────────────────────────────────────────────────────────────────────────────────────────────────────────────────────┤
│ train_with_params_c3a7e7cb   RUNNING         0.00638205            128             32              3    0.260136   gcn                12            4604.53   0.94891       0.949722   0.97412   0.814207 │
╰───────────────────────────────────────────────────────────────────────────────────────────────────────────────────────────────────────────────────────────────────────────────────────────────────────────╯
Trial status: 1 RUNNING
Current time: 2025-04-23 05:18:01. Total running time: 1hr 20min 37s
Logical resource usage: 4.0/16 CPUs, 0.5/2 GPUs (0.0/1.0 accelerator_type:A100)
Current best trial: c3a7e7cb with loss=0.9489101495708958 and params={'learning_rate': 0.00638204909515573, 'batch_size': 128, 'hidden_dim': 32, 'num_layers': 3, 'dropout': 0.2601364522768404, 'model_type': 'gcn'}
╭───────────────────────────────────────────────────────────────────────────────────────────────────────────────────────────────────────────────────────────────────────────────────────────────────────────╮
│ Trial name                   status       learning_rate     batch_size     hidden_dim     num_layers     dropout   model_type       iter     total time (s)      loss     train_loss      rmse        mae │
├───────────────────────────────────────────────────────────────────────────────────────────────────────────────────────────────────────────────────────────────────────────────────────────────────────────┤
│ train_with_params_c3a7e7cb   RUNNING         0.00638205            128             32              3    0.260136   gcn                12            4604.53   0.94891       0.949722   0.97412   0.814207 │
╰───────────────────────────────────────────────────────────────────────────────────────────────────────────────────────────────────────────────────────────────────────────────────────────────────────────╯
Trial status: 1 RUNNING
Current time: 2025-04-23 05:18:31. Total running time: 1hr 21min 7s
Logical resource usage: 4.0/16 CPUs, 0.5/2 GPUs (0.0/1.0 accelerator_type:A100)
Current best trial: c3a7e7cb with loss=0.9489101495708958 and params={'learning_rate': 0.00638204909515573, 'batch_size': 128, 'hidden_dim': 32, 'num_layers': 3, 'dropout': 0.2601364522768404, 'model_type': 'gcn'}
╭───────────────────────────────────────────────────────────────────────────────────────────────────────────────────────────────────────────────────────────────────────────────────────────────────────────╮
│ Trial name                   status       learning_rate     batch_size     hidden_dim     num_layers     dropout   model_type       iter     total time (s)      loss     train_loss      rmse        mae │
├───────────────────────────────────────────────────────────────────────────────────────────────────────────────────────────────────────────────────────────────────────────────────────────────────────────┤
│ train_with_params_c3a7e7cb   RUNNING         0.00638205            128             32              3    0.260136   gcn                12            4604.53   0.94891       0.949722   0.97412   0.814207 │
╰───────────────────────────────────────────────────────────────────────────────────────────────────────────────────────────────────────────────────────────────────────────────────────────────────────────╯
Trial status: 1 RUNNING
Current time: 2025-04-23 05:19:01. Total running time: 1hr 21min 37s
Logical resource usage: 4.0/16 CPUs, 0.5/2 GPUs (0.0/1.0 accelerator_type:A100)
Current best trial: c3a7e7cb with loss=0.9489101495708958 and params={'learning_rate': 0.00638204909515573, 'batch_size': 128, 'hidden_dim': 32, 'num_layers': 3, 'dropout': 0.2601364522768404, 'model_type': 'gcn'}
╭───────────────────────────────────────────────────────────────────────────────────────────────────────────────────────────────────────────────────────────────────────────────────────────────────────────╮
│ Trial name                   status       learning_rate     batch_size     hidden_dim     num_layers     dropout   model_type       iter     total time (s)      loss     train_loss      rmse        mae │
├───────────────────────────────────────────────────────────────────────────────────────────────────────────────────────────────────────────────────────────────────────────────────────────────────────────┤
│ train_with_params_c3a7e7cb   RUNNING         0.00638205            128             32              3    0.260136   gcn                12            4604.53   0.94891       0.949722   0.97412   0.814207 │
╰───────────────────────────────────────────────────────────────────────────────────────────────────────────────────────────────────────────────────────────────────────────────────────────────────────────╯
Trial status: 1 RUNNING
Current time: 2025-04-23 05:19:31. Total running time: 1hr 22min 7s
Logical resource usage: 4.0/16 CPUs, 0.5/2 GPUs (0.0/1.0 accelerator_type:A100)
Current best trial: c3a7e7cb with loss=0.9489101495708958 and params={'learning_rate': 0.00638204909515573, 'batch_size': 128, 'hidden_dim': 32, 'num_layers': 3, 'dropout': 0.2601364522768404, 'model_type': 'gcn'}
╭───────────────────────────────────────────────────────────────────────────────────────────────────────────────────────────────────────────────────────────────────────────────────────────────────────────╮
│ Trial name                   status       learning_rate     batch_size     hidden_dim     num_layers     dropout   model_type       iter     total time (s)      loss     train_loss      rmse        mae │
├───────────────────────────────────────────────────────────────────────────────────────────────────────────────────────────────────────────────────────────────────────────────────────────────────────────┤
│ train_with_params_c3a7e7cb   RUNNING         0.00638205            128             32              3    0.260136   gcn                12            4604.53   0.94891       0.949722   0.97412   0.814207 │
╰───────────────────────────────────────────────────────────────────────────────────────────────────────────────────────────────────────────────────────────────────────────────────────────────────────────╯
Trial status: 1 RUNNING
Current time: 2025-04-23 05:20:01. Total running time: 1hr 22min 37s
Logical resource usage: 4.0/16 CPUs, 0.5/2 GPUs (0.0/1.0 accelerator_type:A100)
Current best trial: c3a7e7cb with loss=0.9489101495708958 and params={'learning_rate': 0.00638204909515573, 'batch_size': 128, 'hidden_dim': 32, 'num_layers': 3, 'dropout': 0.2601364522768404, 'model_type': 'gcn'}
╭───────────────────────────────────────────────────────────────────────────────────────────────────────────────────────────────────────────────────────────────────────────────────────────────────────────╮
│ Trial name                   status       learning_rate     batch_size     hidden_dim     num_layers     dropout   model_type       iter     total time (s)      loss     train_loss      rmse        mae │
├───────────────────────────────────────────────────────────────────────────────────────────────────────────────────────────────────────────────────────────────────────────────────────────────────────────┤
│ train_with_params_c3a7e7cb   RUNNING         0.00638205            128             32              3    0.260136   gcn                12            4604.53   0.94891       0.949722   0.97412   0.814207 │
╰───────────────────────────────────────────────────────────────────────────────────────────────────────────────────────────────────────────────────────────────────────────────────────────────────────────╯

Trial train_with_params_c3a7e7cb finished iteration 13 at 2025-04-23 05:20:24. Total running time: 1hr 22min 59s
╭──────────────────────────────────────────────────────╮
│ Trial train_with_params_c3a7e7cb result              │
├──────────────────────────────────────────────────────┤
│ checkpoint_dir_name                                  │
│ time_this_iter_s                             368.895 │
│ time_total_s                                 4973.43 │
│ training_iteration                                13 │
│ epoch                                             12 │
│ loss                                         0.94894 │
│ mae                                         0.814309 │
│ r2                                            -3e-05 │
│ rmse                                        0.974134 │
│ train_loss                                   0.94972 │
╰──────────────────────────────────────────────────────╯

Trial status: 1 RUNNING
Current time: 2025-04-23 05:20:32. Total running time: 1hr 23min 7s
Logical resource usage: 4.0/16 CPUs, 0.5/2 GPUs (0.0/1.0 accelerator_type:A100)
Current best trial: c3a7e7cb with loss=0.9489365946159743 and params={'learning_rate': 0.00638204909515573, 'batch_size': 128, 'hidden_dim': 32, 'num_layers': 3, 'dropout': 0.2601364522768404, 'model_type': 'gcn'}
╭─────────────────────────────────────────────────────────────────────────────────────────────────────────────────────────────────────────────────────────────────────────────────────────────────────────────╮
│ Trial name                   status       learning_rate     batch_size     hidden_dim     num_layers     dropout   model_type       iter     total time (s)       loss     train_loss       rmse        mae │
├─────────────────────────────────────────────────────────────────────────────────────────────────────────────────────────────────────────────────────────────────────────────────────────────────────────────┤
│ train_with_params_c3a7e7cb   RUNNING         0.00638205            128             32              3    0.260136   gcn                13            4973.43   0.948937       0.949717   0.974134   0.814309 │
╰─────────────────────────────────────────────────────────────────────────────────────────────────────────────────────────────────────────────────────────────────────────────────────────────────────────────╯
Trial status: 1 RUNNING
Current time: 2025-04-23 05:21:02. Total running time: 1hr 23min 37s
Logical resource usage: 4.0/16 CPUs, 0.5/2 GPUs (0.0/1.0 accelerator_type:A100)
Current best trial: c3a7e7cb with loss=0.9489365946159743 and params={'learning_rate': 0.00638204909515573, 'batch_size': 128, 'hidden_dim': 32, 'num_layers': 3, 'dropout': 0.2601364522768404, 'model_type': 'gcn'}
╭─────────────────────────────────────────────────────────────────────────────────────────────────────────────────────────────────────────────────────────────────────────────────────────────────────────────╮
│ Trial name                   status       learning_rate     batch_size     hidden_dim     num_layers     dropout   model_type       iter     total time (s)       loss     train_loss       rmse        mae │
├─────────────────────────────────────────────────────────────────────────────────────────────────────────────────────────────────────────────────────────────────────────────────────────────────────────────┤
│ train_with_params_c3a7e7cb   RUNNING         0.00638205            128             32              3    0.260136   gcn                13            4973.43   0.948937       0.949717   0.974134   0.814309 │
╰─────────────────────────────────────────────────────────────────────────────────────────────────────────────────────────────────────────────────────────────────────────────────────────────────────────────╯
Trial status: 1 RUNNING
Current time: 2025-04-23 05:21:32. Total running time: 1hr 24min 7s
Logical resource usage: 4.0/16 CPUs, 0.5/2 GPUs (0.0/1.0 accelerator_type:A100)
Current best trial: c3a7e7cb with loss=0.9489365946159743 and params={'learning_rate': 0.00638204909515573, 'batch_size': 128, 'hidden_dim': 32, 'num_layers': 3, 'dropout': 0.2601364522768404, 'model_type': 'gcn'}
╭─────────────────────────────────────────────────────────────────────────────────────────────────────────────────────────────────────────────────────────────────────────────────────────────────────────────╮
│ Trial name                   status       learning_rate     batch_size     hidden_dim     num_layers     dropout   model_type       iter     total time (s)       loss     train_loss       rmse        mae │
├─────────────────────────────────────────────────────────────────────────────────────────────────────────────────────────────────────────────────────────────────────────────────────────────────────────────┤
│ train_with_params_c3a7e7cb   RUNNING         0.00638205            128             32              3    0.260136   gcn                13            4973.43   0.948937       0.949717   0.974134   0.814309 │
╰─────────────────────────────────────────────────────────────────────────────────────────────────────────────────────────────────────────────────────────────────────────────────────────────────────────────╯
Trial status: 1 RUNNING
Current time: 2025-04-23 05:22:02. Total running time: 1hr 24min 37s
Logical resource usage: 4.0/16 CPUs, 0.5/2 GPUs (0.0/1.0 accelerator_type:A100)
Current best trial: c3a7e7cb with loss=0.9489365946159743 and params={'learning_rate': 0.00638204909515573, 'batch_size': 128, 'hidden_dim': 32, 'num_layers': 3, 'dropout': 0.2601364522768404, 'model_type': 'gcn'}
╭─────────────────────────────────────────────────────────────────────────────────────────────────────────────────────────────────────────────────────────────────────────────────────────────────────────────╮
│ Trial name                   status       learning_rate     batch_size     hidden_dim     num_layers     dropout   model_type       iter     total time (s)       loss     train_loss       rmse        mae │
├─────────────────────────────────────────────────────────────────────────────────────────────────────────────────────────────────────────────────────────────────────────────────────────────────────────────┤
│ train_with_params_c3a7e7cb   RUNNING         0.00638205            128             32              3    0.260136   gcn                13            4973.43   0.948937       0.949717   0.974134   0.814309 │
╰─────────────────────────────────────────────────────────────────────────────────────────────────────────────────────────────────────────────────────────────────────────────────────────────────────────────╯
Trial status: 1 RUNNING
Current time: 2025-04-23 05:22:32. Total running time: 1hr 25min 7s
Logical resource usage: 4.0/16 CPUs, 0.5/2 GPUs (0.0/1.0 accelerator_type:A100)
Current best trial: c3a7e7cb with loss=0.9489365946159743 and params={'learning_rate': 0.00638204909515573, 'batch_size': 128, 'hidden_dim': 32, 'num_layers': 3, 'dropout': 0.2601364522768404, 'model_type': 'gcn'}
╭─────────────────────────────────────────────────────────────────────────────────────────────────────────────────────────────────────────────────────────────────────────────────────────────────────────────╮
│ Trial name                   status       learning_rate     batch_size     hidden_dim     num_layers     dropout   model_type       iter     total time (s)       loss     train_loss       rmse        mae │
├─────────────────────────────────────────────────────────────────────────────────────────────────────────────────────────────────────────────────────────────────────────────────────────────────────────────┤
│ train_with_params_c3a7e7cb   RUNNING         0.00638205            128             32              3    0.260136   gcn                13            4973.43   0.948937       0.949717   0.974134   0.814309 │
╰─────────────────────────────────────────────────────────────────────────────────────────────────────────────────────────────────────────────────────────────────────────────────────────────────────────────╯
Trial status: 1 RUNNING
Current time: 2025-04-23 05:23:02. Total running time: 1hr 25min 37s
Logical resource usage: 4.0/16 CPUs, 0.5/2 GPUs (0.0/1.0 accelerator_type:A100)
Current best trial: c3a7e7cb with loss=0.9489365946159743 and params={'learning_rate': 0.00638204909515573, 'batch_size': 128, 'hidden_dim': 32, 'num_layers': 3, 'dropout': 0.2601364522768404, 'model_type': 'gcn'}
╭─────────────────────────────────────────────────────────────────────────────────────────────────────────────────────────────────────────────────────────────────────────────────────────────────────────────╮
│ Trial name                   status       learning_rate     batch_size     hidden_dim     num_layers     dropout   model_type       iter     total time (s)       loss     train_loss       rmse        mae │
├─────────────────────────────────────────────────────────────────────────────────────────────────────────────────────────────────────────────────────────────────────────────────────────────────────────────┤
│ train_with_params_c3a7e7cb   RUNNING         0.00638205            128             32              3    0.260136   gcn                13            4973.43   0.948937       0.949717   0.974134   0.814309 │
╰─────────────────────────────────────────────────────────────────────────────────────────────────────────────────────────────────────────────────────────────────────────────────────────────────────────────╯
Trial status: 1 RUNNING
Current time: 2025-04-23 05:23:32. Total running time: 1hr 26min 7s
Logical resource usage: 4.0/16 CPUs, 0.5/2 GPUs (0.0/1.0 accelerator_type:A100)
Current best trial: c3a7e7cb with loss=0.9489365946159743 and params={'learning_rate': 0.00638204909515573, 'batch_size': 128, 'hidden_dim': 32, 'num_layers': 3, 'dropout': 0.2601364522768404, 'model_type': 'gcn'}
╭─────────────────────────────────────────────────────────────────────────────────────────────────────────────────────────────────────────────────────────────────────────────────────────────────────────────╮
│ Trial name                   status       learning_rate     batch_size     hidden_dim     num_layers     dropout   model_type       iter     total time (s)       loss     train_loss       rmse        mae │
├─────────────────────────────────────────────────────────────────────────────────────────────────────────────────────────────────────────────────────────────────────────────────────────────────────────────┤
│ train_with_params_c3a7e7cb   RUNNING         0.00638205            128             32              3    0.260136   gcn                13            4973.43   0.948937       0.949717   0.974134   0.814309 │
╰─────────────────────────────────────────────────────────────────────────────────────────────────────────────────────────────────────────────────────────────────────────────────────────────────────────────╯
Trial status: 1 RUNNING
Current time: 2025-04-23 05:24:02. Total running time: 1hr 26min 37s
Logical resource usage: 4.0/16 CPUs, 0.5/2 GPUs (0.0/1.0 accelerator_type:A100)
Current best trial: c3a7e7cb with loss=0.9489365946159743 and params={'learning_rate': 0.00638204909515573, 'batch_size': 128, 'hidden_dim': 32, 'num_layers': 3, 'dropout': 0.2601364522768404, 'model_type': 'gcn'}
╭─────────────────────────────────────────────────────────────────────────────────────────────────────────────────────────────────────────────────────────────────────────────────────────────────────────────╮
│ Trial name                   status       learning_rate     batch_size     hidden_dim     num_layers     dropout   model_type       iter     total time (s)       loss     train_loss       rmse        mae │
├─────────────────────────────────────────────────────────────────────────────────────────────────────────────────────────────────────────────────────────────────────────────────────────────────────────────┤
│ train_with_params_c3a7e7cb   RUNNING         0.00638205            128             32              3    0.260136   gcn                13            4973.43   0.948937       0.949717   0.974134   0.814309 │
╰─────────────────────────────────────────────────────────────────────────────────────────────────────────────────────────────────────────────────────────────────────────────────────────────────────────────╯
Trial status: 1 RUNNING
Current time: 2025-04-23 05:24:32. Total running time: 1hr 27min 7s
Logical resource usage: 4.0/16 CPUs, 0.5/2 GPUs (0.0/1.0 accelerator_type:A100)
Current best trial: c3a7e7cb with loss=0.9489365946159743 and params={'learning_rate': 0.00638204909515573, 'batch_size': 128, 'hidden_dim': 32, 'num_layers': 3, 'dropout': 0.2601364522768404, 'model_type': 'gcn'}
╭─────────────────────────────────────────────────────────────────────────────────────────────────────────────────────────────────────────────────────────────────────────────────────────────────────────────╮
│ Trial name                   status       learning_rate     batch_size     hidden_dim     num_layers     dropout   model_type       iter     total time (s)       loss     train_loss       rmse        mae │
├─────────────────────────────────────────────────────────────────────────────────────────────────────────────────────────────────────────────────────────────────────────────────────────────────────────────┤
│ train_with_params_c3a7e7cb   RUNNING         0.00638205            128             32              3    0.260136   gcn                13            4973.43   0.948937       0.949717   0.974134   0.814309 │
╰─────────────────────────────────────────────────────────────────────────────────────────────────────────────────────────────────────────────────────────────────────────────────────────────────────────────╯
Trial status: 1 RUNNING
Current time: 2025-04-23 05:25:02. Total running time: 1hr 27min 37s
Logical resource usage: 4.0/16 CPUs, 0.5/2 GPUs (0.0/1.0 accelerator_type:A100)
Current best trial: c3a7e7cb with loss=0.9489365946159743 and params={'learning_rate': 0.00638204909515573, 'batch_size': 128, 'hidden_dim': 32, 'num_layers': 3, 'dropout': 0.2601364522768404, 'model_type': 'gcn'}
╭─────────────────────────────────────────────────────────────────────────────────────────────────────────────────────────────────────────────────────────────────────────────────────────────────────────────╮
│ Trial name                   status       learning_rate     batch_size     hidden_dim     num_layers     dropout   model_type       iter     total time (s)       loss     train_loss       rmse        mae │
├─────────────────────────────────────────────────────────────────────────────────────────────────────────────────────────────────────────────────────────────────────────────────────────────────────────────┤
│ train_with_params_c3a7e7cb   RUNNING         0.00638205            128             32              3    0.260136   gcn                13            4973.43   0.948937       0.949717   0.974134   0.814309 │
╰─────────────────────────────────────────────────────────────────────────────────────────────────────────────────────────────────────────────────────────────────────────────────────────────────────────────╯
Trial status: 1 RUNNING
Current time: 2025-04-23 05:25:32. Total running time: 1hr 28min 7s
Logical resource usage: 4.0/16 CPUs, 0.5/2 GPUs (0.0/1.0 accelerator_type:A100)
Current best trial: c3a7e7cb with loss=0.9489365946159743 and params={'learning_rate': 0.00638204909515573, 'batch_size': 128, 'hidden_dim': 32, 'num_layers': 3, 'dropout': 0.2601364522768404, 'model_type': 'gcn'}
╭─────────────────────────────────────────────────────────────────────────────────────────────────────────────────────────────────────────────────────────────────────────────────────────────────────────────╮
│ Trial name                   status       learning_rate     batch_size     hidden_dim     num_layers     dropout   model_type       iter     total time (s)       loss     train_loss       rmse        mae │
├─────────────────────────────────────────────────────────────────────────────────────────────────────────────────────────────────────────────────────────────────────────────────────────────────────────────┤
│ train_with_params_c3a7e7cb   RUNNING         0.00638205            128             32              3    0.260136   gcn                13            4973.43   0.948937       0.949717   0.974134   0.814309 │
╰─────────────────────────────────────────────────────────────────────────────────────────────────────────────────────────────────────────────────────────────────────────────────────────────────────────────╯
Trial status: 1 RUNNING
Current time: 2025-04-23 05:26:02. Total running time: 1hr 28min 38s
Logical resource usage: 4.0/16 CPUs, 0.5/2 GPUs (0.0/1.0 accelerator_type:A100)
Current best trial: c3a7e7cb with loss=0.9489365946159743 and params={'learning_rate': 0.00638204909515573, 'batch_size': 128, 'hidden_dim': 32, 'num_layers': 3, 'dropout': 0.2601364522768404, 'model_type': 'gcn'}
╭─────────────────────────────────────────────────────────────────────────────────────────────────────────────────────────────────────────────────────────────────────────────────────────────────────────────╮
│ Trial name                   status       learning_rate     batch_size     hidden_dim     num_layers     dropout   model_type       iter     total time (s)       loss     train_loss       rmse        mae │
├─────────────────────────────────────────────────────────────────────────────────────────────────────────────────────────────────────────────────────────────────────────────────────────────────────────────┤
│ train_with_params_c3a7e7cb   RUNNING         0.00638205            128             32              3    0.260136   gcn                13            4973.43   0.948937       0.949717   0.974134   0.814309 │
╰─────────────────────────────────────────────────────────────────────────────────────────────────────────────────────────────────────────────────────────────────────────────────────────────────────────────╯
Trial status: 1 RUNNING
Current time: 2025-04-23 05:26:32. Total running time: 1hr 29min 8s
Logical resource usage: 4.0/16 CPUs, 0.5/2 GPUs (0.0/1.0 accelerator_type:A100)
Current best trial: c3a7e7cb with loss=0.9489365946159743 and params={'learning_rate': 0.00638204909515573, 'batch_size': 128, 'hidden_dim': 32, 'num_layers': 3, 'dropout': 0.2601364522768404, 'model_type': 'gcn'}
╭─────────────────────────────────────────────────────────────────────────────────────────────────────────────────────────────────────────────────────────────────────────────────────────────────────────────╮
│ Trial name                   status       learning_rate     batch_size     hidden_dim     num_layers     dropout   model_type       iter     total time (s)       loss     train_loss       rmse        mae │
├─────────────────────────────────────────────────────────────────────────────────────────────────────────────────────────────────────────────────────────────────────────────────────────────────────────────┤
│ train_with_params_c3a7e7cb   RUNNING         0.00638205            128             32              3    0.260136   gcn                13            4973.43   0.948937       0.949717   0.974134   0.814309 │
╰─────────────────────────────────────────────────────────────────────────────────────────────────────────────────────────────────────────────────────────────────────────────────────────────────────────────╯

Trial train_with_params_c3a7e7cb finished iteration 14 at 2025-04-23 05:26:33. Total running time: 1hr 29min 9s
╭──────────────────────────────────────────────────────╮
│ Trial train_with_params_c3a7e7cb result              │
├──────────────────────────────────────────────────────┤
│ checkpoint_dir_name                                  │
│ time_this_iter_s                             369.548 │
│ time_total_s                                 5342.97 │
│ training_iteration                                14 │
│ epoch                                             13 │
│ loss                                         0.94893 │
│ mae                                         0.813996 │
│ r2                                            -3e-05 │
│ rmse                                        0.974129 │
│ train_loss                                   0.94971 │
╰──────────────────────────────────────────────────────╯

Trial status: 1 RUNNING
Current time: 2025-04-23 05:27:02. Total running time: 1hr 29min 38s
Logical resource usage: 4.0/16 CPUs, 0.5/2 GPUs (0.0/1.0 accelerator_type:A100)
Current best trial: c3a7e7cb with loss=0.9489276817596909 and params={'learning_rate': 0.00638204909515573, 'batch_size': 128, 'hidden_dim': 32, 'num_layers': 3, 'dropout': 0.2601364522768404, 'model_type': 'gcn'}
╭─────────────────────────────────────────────────────────────────────────────────────────────────────────────────────────────────────────────────────────────────────────────────────────────────────────────╮
│ Trial name                   status       learning_rate     batch_size     hidden_dim     num_layers     dropout   model_type       iter     total time (s)       loss     train_loss       rmse        mae │
├─────────────────────────────────────────────────────────────────────────────────────────────────────────────────────────────────────────────────────────────────────────────────────────────────────────────┤
│ train_with_params_c3a7e7cb   RUNNING         0.00638205            128             32              3    0.260136   gcn                14            5342.97   0.948928       0.949711   0.974129   0.813996 │
╰─────────────────────────────────────────────────────────────────────────────────────────────────────────────────────────────────────────────────────────────────────────────────────────────────────────────╯
Trial status: 1 RUNNING
Current time: 2025-04-23 05:27:32. Total running time: 1hr 30min 8s
Logical resource usage: 4.0/16 CPUs, 0.5/2 GPUs (0.0/1.0 accelerator_type:A100)
Current best trial: c3a7e7cb with loss=0.9489276817596909 and params={'learning_rate': 0.00638204909515573, 'batch_size': 128, 'hidden_dim': 32, 'num_layers': 3, 'dropout': 0.2601364522768404, 'model_type': 'gcn'}
╭─────────────────────────────────────────────────────────────────────────────────────────────────────────────────────────────────────────────────────────────────────────────────────────────────────────────╮
│ Trial name                   status       learning_rate     batch_size     hidden_dim     num_layers     dropout   model_type       iter     total time (s)       loss     train_loss       rmse        mae │
├─────────────────────────────────────────────────────────────────────────────────────────────────────────────────────────────────────────────────────────────────────────────────────────────────────────────┤
│ train_with_params_c3a7e7cb   RUNNING         0.00638205            128             32              3    0.260136   gcn                14            5342.97   0.948928       0.949711   0.974129   0.813996 │
╰─────────────────────────────────────────────────────────────────────────────────────────────────────────────────────────────────────────────────────────────────────────────────────────────────────────────╯
Trial status: 1 RUNNING
Current time: 2025-04-23 05:28:02. Total running time: 1hr 30min 38s
Logical resource usage: 4.0/16 CPUs, 0.5/2 GPUs (0.0/1.0 accelerator_type:A100)
Current best trial: c3a7e7cb with loss=0.9489276817596909 and params={'learning_rate': 0.00638204909515573, 'batch_size': 128, 'hidden_dim': 32, 'num_layers': 3, 'dropout': 0.2601364522768404, 'model_type': 'gcn'}
╭─────────────────────────────────────────────────────────────────────────────────────────────────────────────────────────────────────────────────────────────────────────────────────────────────────────────╮
│ Trial name                   status       learning_rate     batch_size     hidden_dim     num_layers     dropout   model_type       iter     total time (s)       loss     train_loss       rmse        mae │
├─────────────────────────────────────────────────────────────────────────────────────────────────────────────────────────────────────────────────────────────────────────────────────────────────────────────┤
│ train_with_params_c3a7e7cb   RUNNING         0.00638205            128             32              3    0.260136   gcn                14            5342.97   0.948928       0.949711   0.974129   0.813996 │
╰─────────────────────────────────────────────────────────────────────────────────────────────────────────────────────────────────────────────────────────────────────────────────────────────────────────────╯
Trial status: 1 RUNNING
Current time: 2025-04-23 05:28:32. Total running time: 1hr 31min 8s
Logical resource usage: 4.0/16 CPUs, 0.5/2 GPUs (0.0/1.0 accelerator_type:A100)
Current best trial: c3a7e7cb with loss=0.9489276817596909 and params={'learning_rate': 0.00638204909515573, 'batch_size': 128, 'hidden_dim': 32, 'num_layers': 3, 'dropout': 0.2601364522768404, 'model_type': 'gcn'}
╭─────────────────────────────────────────────────────────────────────────────────────────────────────────────────────────────────────────────────────────────────────────────────────────────────────────────╮
│ Trial name                   status       learning_rate     batch_size     hidden_dim     num_layers     dropout   model_type       iter     total time (s)       loss     train_loss       rmse        mae │
├─────────────────────────────────────────────────────────────────────────────────────────────────────────────────────────────────────────────────────────────────────────────────────────────────────────────┤
│ train_with_params_c3a7e7cb   RUNNING         0.00638205            128             32              3    0.260136   gcn                14            5342.97   0.948928       0.949711   0.974129   0.813996 │
╰─────────────────────────────────────────────────────────────────────────────────────────────────────────────────────────────────────────────────────────────────────────────────────────────────────────────╯
Trial status: 1 RUNNING
Current time: 2025-04-23 05:29:02. Total running time: 1hr 31min 38s
Logical resource usage: 4.0/16 CPUs, 0.5/2 GPUs (0.0/1.0 accelerator_type:A100)
Current best trial: c3a7e7cb with loss=0.9489276817596909 and params={'learning_rate': 0.00638204909515573, 'batch_size': 128, 'hidden_dim': 32, 'num_layers': 3, 'dropout': 0.2601364522768404, 'model_type': 'gcn'}
╭─────────────────────────────────────────────────────────────────────────────────────────────────────────────────────────────────────────────────────────────────────────────────────────────────────────────╮
│ Trial name                   status       learning_rate     batch_size     hidden_dim     num_layers     dropout   model_type       iter     total time (s)       loss     train_loss       rmse        mae │
├─────────────────────────────────────────────────────────────────────────────────────────────────────────────────────────────────────────────────────────────────────────────────────────────────────────────┤
│ train_with_params_c3a7e7cb   RUNNING         0.00638205            128             32              3    0.260136   gcn                14            5342.97   0.948928       0.949711   0.974129   0.813996 │
╰─────────────────────────────────────────────────────────────────────────────────────────────────────────────────────────────────────────────────────────────────────────────────────────────────────────────╯
Trial status: 1 RUNNING
Current time: 2025-04-23 05:29:32. Total running time: 1hr 32min 8s
Logical resource usage: 4.0/16 CPUs, 0.5/2 GPUs (0.0/1.0 accelerator_type:A100)
Current best trial: c3a7e7cb with loss=0.9489276817596909 and params={'learning_rate': 0.00638204909515573, 'batch_size': 128, 'hidden_dim': 32, 'num_layers': 3, 'dropout': 0.2601364522768404, 'model_type': 'gcn'}
╭─────────────────────────────────────────────────────────────────────────────────────────────────────────────────────────────────────────────────────────────────────────────────────────────────────────────╮
│ Trial name                   status       learning_rate     batch_size     hidden_dim     num_layers     dropout   model_type       iter     total time (s)       loss     train_loss       rmse        mae │
├─────────────────────────────────────────────────────────────────────────────────────────────────────────────────────────────────────────────────────────────────────────────────────────────────────────────┤
│ train_with_params_c3a7e7cb   RUNNING         0.00638205            128             32              3    0.260136   gcn                14            5342.97   0.948928       0.949711   0.974129   0.813996 │
╰─────────────────────────────────────────────────────────────────────────────────────────────────────────────────────────────────────────────────────────────────────────────────────────────────────────────╯
Trial status: 1 RUNNING
Current time: 2025-04-23 05:30:02. Total running time: 1hr 32min 38s
Logical resource usage: 4.0/16 CPUs, 0.5/2 GPUs (0.0/1.0 accelerator_type:A100)
Current best trial: c3a7e7cb with loss=0.9489276817596909 and params={'learning_rate': 0.00638204909515573, 'batch_size': 128, 'hidden_dim': 32, 'num_layers': 3, 'dropout': 0.2601364522768404, 'model_type': 'gcn'}
╭─────────────────────────────────────────────────────────────────────────────────────────────────────────────────────────────────────────────────────────────────────────────────────────────────────────────╮
│ Trial name                   status       learning_rate     batch_size     hidden_dim     num_layers     dropout   model_type       iter     total time (s)       loss     train_loss       rmse        mae │
├─────────────────────────────────────────────────────────────────────────────────────────────────────────────────────────────────────────────────────────────────────────────────────────────────────────────┤
│ train_with_params_c3a7e7cb   RUNNING         0.00638205            128             32              3    0.260136   gcn                14            5342.97   0.948928       0.949711   0.974129   0.813996 │
╰─────────────────────────────────────────────────────────────────────────────────────────────────────────────────────────────────────────────────────────────────────────────────────────────────────────────╯
Trial status: 1 RUNNING
Current time: 2025-04-23 05:30:32. Total running time: 1hr 33min 8s
Logical resource usage: 4.0/16 CPUs, 0.5/2 GPUs (0.0/1.0 accelerator_type:A100)
Current best trial: c3a7e7cb with loss=0.9489276817596909 and params={'learning_rate': 0.00638204909515573, 'batch_size': 128, 'hidden_dim': 32, 'num_layers': 3, 'dropout': 0.2601364522768404, 'model_type': 'gcn'}
╭─────────────────────────────────────────────────────────────────────────────────────────────────────────────────────────────────────────────────────────────────────────────────────────────────────────────╮
│ Trial name                   status       learning_rate     batch_size     hidden_dim     num_layers     dropout   model_type       iter     total time (s)       loss     train_loss       rmse        mae │
├─────────────────────────────────────────────────────────────────────────────────────────────────────────────────────────────────────────────────────────────────────────────────────────────────────────────┤
│ train_with_params_c3a7e7cb   RUNNING         0.00638205            128             32              3    0.260136   gcn                14            5342.97   0.948928       0.949711   0.974129   0.813996 │
╰─────────────────────────────────────────────────────────────────────────────────────────────────────────────────────────────────────────────────────────────────────────────────────────────────────────────╯
Trial status: 1 RUNNING
Current time: 2025-04-23 05:31:02. Total running time: 1hr 33min 38s
Logical resource usage: 4.0/16 CPUs, 0.5/2 GPUs (0.0/1.0 accelerator_type:A100)
Current best trial: c3a7e7cb with loss=0.9489276817596909 and params={'learning_rate': 0.00638204909515573, 'batch_size': 128, 'hidden_dim': 32, 'num_layers': 3, 'dropout': 0.2601364522768404, 'model_type': 'gcn'}
╭─────────────────────────────────────────────────────────────────────────────────────────────────────────────────────────────────────────────────────────────────────────────────────────────────────────────╮
│ Trial name                   status       learning_rate     batch_size     hidden_dim     num_layers     dropout   model_type       iter     total time (s)       loss     train_loss       rmse        mae │
├─────────────────────────────────────────────────────────────────────────────────────────────────────────────────────────────────────────────────────────────────────────────────────────────────────────────┤
│ train_with_params_c3a7e7cb   RUNNING         0.00638205            128             32              3    0.260136   gcn                14            5342.97   0.948928       0.949711   0.974129   0.813996 │
╰─────────────────────────────────────────────────────────────────────────────────────────────────────────────────────────────────────────────────────────────────────────────────────────────────────────────╯
Trial status: 1 RUNNING
Current time: 2025-04-23 05:31:33. Total running time: 1hr 34min 8s
Logical resource usage: 4.0/16 CPUs, 0.5/2 GPUs (0.0/1.0 accelerator_type:A100)
Current best trial: c3a7e7cb with loss=0.9489276817596909 and params={'learning_rate': 0.00638204909515573, 'batch_size': 128, 'hidden_dim': 32, 'num_layers': 3, 'dropout': 0.2601364522768404, 'model_type': 'gcn'}
╭─────────────────────────────────────────────────────────────────────────────────────────────────────────────────────────────────────────────────────────────────────────────────────────────────────────────╮
│ Trial name                   status       learning_rate     batch_size     hidden_dim     num_layers     dropout   model_type       iter     total time (s)       loss     train_loss       rmse        mae │
├─────────────────────────────────────────────────────────────────────────────────────────────────────────────────────────────────────────────────────────────────────────────────────────────────────────────┤
│ train_with_params_c3a7e7cb   RUNNING         0.00638205            128             32              3    0.260136   gcn                14            5342.97   0.948928       0.949711   0.974129   0.813996 │
╰─────────────────────────────────────────────────────────────────────────────────────────────────────────────────────────────────────────────────────────────────────────────────────────────────────────────╯
Trial status: 1 RUNNING
Current time: 2025-04-23 05:32:03. Total running time: 1hr 34min 38s
Logical resource usage: 4.0/16 CPUs, 0.5/2 GPUs (0.0/1.0 accelerator_type:A100)
Current best trial: c3a7e7cb with loss=0.9489276817596909 and params={'learning_rate': 0.00638204909515573, 'batch_size': 128, 'hidden_dim': 32, 'num_layers': 3, 'dropout': 0.2601364522768404, 'model_type': 'gcn'}
╭─────────────────────────────────────────────────────────────────────────────────────────────────────────────────────────────────────────────────────────────────────────────────────────────────────────────╮
│ Trial name                   status       learning_rate     batch_size     hidden_dim     num_layers     dropout   model_type       iter     total time (s)       loss     train_loss       rmse        mae │
├─────────────────────────────────────────────────────────────────────────────────────────────────────────────────────────────────────────────────────────────────────────────────────────────────────────────┤
│ train_with_params_c3a7e7cb   RUNNING         0.00638205            128             32              3    0.260136   gcn                14            5342.97   0.948928       0.949711   0.974129   0.813996 │
╰─────────────────────────────────────────────────────────────────────────────────────────────────────────────────────────────────────────────────────────────────────────────────────────────────────────────╯
Trial status: 1 RUNNING
Current time: 2025-04-23 05:32:33. Total running time: 1hr 35min 8s
Logical resource usage: 4.0/16 CPUs, 0.5/2 GPUs (0.0/1.0 accelerator_type:A100)
Current best trial: c3a7e7cb with loss=0.9489276817596909 and params={'learning_rate': 0.00638204909515573, 'batch_size': 128, 'hidden_dim': 32, 'num_layers': 3, 'dropout': 0.2601364522768404, 'model_type': 'gcn'}
╭─────────────────────────────────────────────────────────────────────────────────────────────────────────────────────────────────────────────────────────────────────────────────────────────────────────────╮
│ Trial name                   status       learning_rate     batch_size     hidden_dim     num_layers     dropout   model_type       iter     total time (s)       loss     train_loss       rmse        mae │
├─────────────────────────────────────────────────────────────────────────────────────────────────────────────────────────────────────────────────────────────────────────────────────────────────────────────┤
│ train_with_params_c3a7e7cb   RUNNING         0.00638205            128             32              3    0.260136   gcn                14            5342.97   0.948928       0.949711   0.974129   0.813996 │
╰─────────────────────────────────────────────────────────────────────────────────────────────────────────────────────────────────────────────────────────────────────────────────────────────────────────────╯

Trial train_with_params_c3a7e7cb finished iteration 15 at 2025-04-23 05:32:51. Total running time: 1hr 35min 27s
╭──────────────────────────────────────────────────────╮
│ Trial train_with_params_c3a7e7cb result              │
├──────────────────────────────────────────────────────┤
│ checkpoint_dir_name                                  │
│ time_this_iter_s                             377.539 │
│ time_total_s                                 5720.51 │
│ training_iteration                                15 │
│ epoch                                             14 │
│ loss                                         0.94892 │
│ mae                                         0.814247 │
│ r2                                            -2e-05 │
│ rmse                                        0.974124 │
│ train_loss                                   0.94971 │
╰──────────────────────────────────────────────────────╯

Trial status: 1 RUNNING
Current time: 2025-04-23 05:33:03. Total running time: 1hr 35min 38s
Logical resource usage: 4.0/16 CPUs, 0.5/2 GPUs (0.0/1.0 accelerator_type:A100)
Current best trial: c3a7e7cb with loss=0.9489184298278566 and params={'learning_rate': 0.00638204909515573, 'batch_size': 128, 'hidden_dim': 32, 'num_layers': 3, 'dropout': 0.2601364522768404, 'model_type': 'gcn'}
╭─────────────────────────────────────────────────────────────────────────────────────────────────────────────────────────────────────────────────────────────────────────────────────────────────────────────╮
│ Trial name                   status       learning_rate     batch_size     hidden_dim     num_layers     dropout   model_type       iter     total time (s)       loss     train_loss       rmse        mae │
├─────────────────────────────────────────────────────────────────────────────────────────────────────────────────────────────────────────────────────────────────────────────────────────────────────────────┤
│ train_with_params_c3a7e7cb   RUNNING         0.00638205            128             32              3    0.260136   gcn                15            5720.51   0.948918       0.949715   0.974124   0.814247 │
╰─────────────────────────────────────────────────────────────────────────────────────────────────────────────────────────────────────────────────────────────────────────────────────────────────────────────╯
Trial status: 1 RUNNING
Current time: 2025-04-23 05:33:33. Total running time: 1hr 36min 8s
Logical resource usage: 4.0/16 CPUs, 0.5/2 GPUs (0.0/1.0 accelerator_type:A100)
Current best trial: c3a7e7cb with loss=0.9489184298278566 and params={'learning_rate': 0.00638204909515573, 'batch_size': 128, 'hidden_dim': 32, 'num_layers': 3, 'dropout': 0.2601364522768404, 'model_type': 'gcn'}
╭─────────────────────────────────────────────────────────────────────────────────────────────────────────────────────────────────────────────────────────────────────────────────────────────────────────────╮
│ Trial name                   status       learning_rate     batch_size     hidden_dim     num_layers     dropout   model_type       iter     total time (s)       loss     train_loss       rmse        mae │
├─────────────────────────────────────────────────────────────────────────────────────────────────────────────────────────────────────────────────────────────────────────────────────────────────────────────┤
│ train_with_params_c3a7e7cb   RUNNING         0.00638205            128             32              3    0.260136   gcn                15            5720.51   0.948918       0.949715   0.974124   0.814247 │
╰─────────────────────────────────────────────────────────────────────────────────────────────────────────────────────────────────────────────────────────────────────────────────────────────────────────────╯
Trial status: 1 RUNNING
Current time: 2025-04-23 05:34:03. Total running time: 1hr 36min 38s
Logical resource usage: 4.0/16 CPUs, 0.5/2 GPUs (0.0/1.0 accelerator_type:A100)
Current best trial: c3a7e7cb with loss=0.9489184298278566 and params={'learning_rate': 0.00638204909515573, 'batch_size': 128, 'hidden_dim': 32, 'num_layers': 3, 'dropout': 0.2601364522768404, 'model_type': 'gcn'}
╭─────────────────────────────────────────────────────────────────────────────────────────────────────────────────────────────────────────────────────────────────────────────────────────────────────────────╮
│ Trial name                   status       learning_rate     batch_size     hidden_dim     num_layers     dropout   model_type       iter     total time (s)       loss     train_loss       rmse        mae │
├─────────────────────────────────────────────────────────────────────────────────────────────────────────────────────────────────────────────────────────────────────────────────────────────────────────────┤
│ train_with_params_c3a7e7cb   RUNNING         0.00638205            128             32              3    0.260136   gcn                15            5720.51   0.948918       0.949715   0.974124   0.814247 │
╰─────────────────────────────────────────────────────────────────────────────────────────────────────────────────────────────────────────────────────────────────────────────────────────────────────────────╯
Trial status: 1 RUNNING
Current time: 2025-04-23 05:34:33. Total running time: 1hr 37min 8s
Logical resource usage: 4.0/16 CPUs, 0.5/2 GPUs (0.0/1.0 accelerator_type:A100)
Current best trial: c3a7e7cb with loss=0.9489184298278566 and params={'learning_rate': 0.00638204909515573, 'batch_size': 128, 'hidden_dim': 32, 'num_layers': 3, 'dropout': 0.2601364522768404, 'model_type': 'gcn'}
╭─────────────────────────────────────────────────────────────────────────────────────────────────────────────────────────────────────────────────────────────────────────────────────────────────────────────╮
│ Trial name                   status       learning_rate     batch_size     hidden_dim     num_layers     dropout   model_type       iter     total time (s)       loss     train_loss       rmse        mae │
├─────────────────────────────────────────────────────────────────────────────────────────────────────────────────────────────────────────────────────────────────────────────────────────────────────────────┤
│ train_with_params_c3a7e7cb   RUNNING         0.00638205            128             32              3    0.260136   gcn                15            5720.51   0.948918       0.949715   0.974124   0.814247 │
╰─────────────────────────────────────────────────────────────────────────────────────────────────────────────────────────────────────────────────────────────────────────────────────────────────────────────╯
Trial status: 1 RUNNING
Current time: 2025-04-23 05:35:03. Total running time: 1hr 37min 38s
Logical resource usage: 4.0/16 CPUs, 0.5/2 GPUs (0.0/1.0 accelerator_type:A100)
Current best trial: c3a7e7cb with loss=0.9489184298278566 and params={'learning_rate': 0.00638204909515573, 'batch_size': 128, 'hidden_dim': 32, 'num_layers': 3, 'dropout': 0.2601364522768404, 'model_type': 'gcn'}
╭─────────────────────────────────────────────────────────────────────────────────────────────────────────────────────────────────────────────────────────────────────────────────────────────────────────────╮
│ Trial name                   status       learning_rate     batch_size     hidden_dim     num_layers     dropout   model_type       iter     total time (s)       loss     train_loss       rmse        mae │
├─────────────────────────────────────────────────────────────────────────────────────────────────────────────────────────────────────────────────────────────────────────────────────────────────────────────┤
│ train_with_params_c3a7e7cb   RUNNING         0.00638205            128             32              3    0.260136   gcn                15            5720.51   0.948918       0.949715   0.974124   0.814247 │
╰─────────────────────────────────────────────────────────────────────────────────────────────────────────────────────────────────────────────────────────────────────────────────────────────────────────────╯
Trial status: 1 RUNNING
Current time: 2025-04-23 05:35:33. Total running time: 1hr 38min 8s
Logical resource usage: 4.0/16 CPUs, 0.5/2 GPUs (0.0/1.0 accelerator_type:A100)
Current best trial: c3a7e7cb with loss=0.9489184298278566 and params={'learning_rate': 0.00638204909515573, 'batch_size': 128, 'hidden_dim': 32, 'num_layers': 3, 'dropout': 0.2601364522768404, 'model_type': 'gcn'}
╭─────────────────────────────────────────────────────────────────────────────────────────────────────────────────────────────────────────────────────────────────────────────────────────────────────────────╮
│ Trial name                   status       learning_rate     batch_size     hidden_dim     num_layers     dropout   model_type       iter     total time (s)       loss     train_loss       rmse        mae │
├─────────────────────────────────────────────────────────────────────────────────────────────────────────────────────────────────────────────────────────────────────────────────────────────────────────────┤
│ train_with_params_c3a7e7cb   RUNNING         0.00638205            128             32              3    0.260136   gcn                15            5720.51   0.948918       0.949715   0.974124   0.814247 │
╰─────────────────────────────────────────────────────────────────────────────────────────────────────────────────────────────────────────────────────────────────────────────────────────────────────────────╯
Trial status: 1 RUNNING
Current time: 2025-04-23 05:36:03. Total running time: 1hr 38min 38s
Logical resource usage: 4.0/16 CPUs, 0.5/2 GPUs (0.0/1.0 accelerator_type:A100)
Current best trial: c3a7e7cb with loss=0.9489184298278566 and params={'learning_rate': 0.00638204909515573, 'batch_size': 128, 'hidden_dim': 32, 'num_layers': 3, 'dropout': 0.2601364522768404, 'model_type': 'gcn'}
╭─────────────────────────────────────────────────────────────────────────────────────────────────────────────────────────────────────────────────────────────────────────────────────────────────────────────╮
│ Trial name                   status       learning_rate     batch_size     hidden_dim     num_layers     dropout   model_type       iter     total time (s)       loss     train_loss       rmse        mae │
├─────────────────────────────────────────────────────────────────────────────────────────────────────────────────────────────────────────────────────────────────────────────────────────────────────────────┤
│ train_with_params_c3a7e7cb   RUNNING         0.00638205            128             32              3    0.260136   gcn                15            5720.51   0.948918       0.949715   0.974124   0.814247 │
╰─────────────────────────────────────────────────────────────────────────────────────────────────────────────────────────────────────────────────────────────────────────────────────────────────────────────╯
Trial status: 1 RUNNING
Current time: 2025-04-23 05:36:33. Total running time: 1hr 39min 9s
Logical resource usage: 4.0/16 CPUs, 0.5/2 GPUs (0.0/1.0 accelerator_type:A100)
Current best trial: c3a7e7cb with loss=0.9489184298278566 and params={'learning_rate': 0.00638204909515573, 'batch_size': 128, 'hidden_dim': 32, 'num_layers': 3, 'dropout': 0.2601364522768404, 'model_type': 'gcn'}
╭─────────────────────────────────────────────────────────────────────────────────────────────────────────────────────────────────────────────────────────────────────────────────────────────────────────────╮
│ Trial name                   status       learning_rate     batch_size     hidden_dim     num_layers     dropout   model_type       iter     total time (s)       loss     train_loss       rmse        mae │
├─────────────────────────────────────────────────────────────────────────────────────────────────────────────────────────────────────────────────────────────────────────────────────────────────────────────┤
│ train_with_params_c3a7e7cb   RUNNING         0.00638205            128             32              3    0.260136   gcn                15            5720.51   0.948918       0.949715   0.974124   0.814247 │
╰─────────────────────────────────────────────────────────────────────────────────────────────────────────────────────────────────────────────────────────────────────────────────────────────────────────────╯
Trial status: 1 RUNNING
Current time: 2025-04-23 05:37:03. Total running time: 1hr 39min 39s
Logical resource usage: 4.0/16 CPUs, 0.5/2 GPUs (0.0/1.0 accelerator_type:A100)
Current best trial: c3a7e7cb with loss=0.9489184298278566 and params={'learning_rate': 0.00638204909515573, 'batch_size': 128, 'hidden_dim': 32, 'num_layers': 3, 'dropout': 0.2601364522768404, 'model_type': 'gcn'}
╭─────────────────────────────────────────────────────────────────────────────────────────────────────────────────────────────────────────────────────────────────────────────────────────────────────────────╮
│ Trial name                   status       learning_rate     batch_size     hidden_dim     num_layers     dropout   model_type       iter     total time (s)       loss     train_loss       rmse        mae │
├─────────────────────────────────────────────────────────────────────────────────────────────────────────────────────────────────────────────────────────────────────────────────────────────────────────────┤
│ train_with_params_c3a7e7cb   RUNNING         0.00638205            128             32              3    0.260136   gcn                15            5720.51   0.948918       0.949715   0.974124   0.814247 │
╰─────────────────────────────────────────────────────────────────────────────────────────────────────────────────────────────────────────────────────────────────────────────────────────────────────────────╯
Trial status: 1 RUNNING
Current time: 2025-04-23 05:37:33. Total running time: 1hr 40min 9s
Logical resource usage: 4.0/16 CPUs, 0.5/2 GPUs (0.0/1.0 accelerator_type:A100)
Current best trial: c3a7e7cb with loss=0.9489184298278566 and params={'learning_rate': 0.00638204909515573, 'batch_size': 128, 'hidden_dim': 32, 'num_layers': 3, 'dropout': 0.2601364522768404, 'model_type': 'gcn'}
╭─────────────────────────────────────────────────────────────────────────────────────────────────────────────────────────────────────────────────────────────────────────────────────────────────────────────╮
│ Trial name                   status       learning_rate     batch_size     hidden_dim     num_layers     dropout   model_type       iter     total time (s)       loss     train_loss       rmse        mae │
├─────────────────────────────────────────────────────────────────────────────────────────────────────────────────────────────────────────────────────────────────────────────────────────────────────────────┤
│ train_with_params_c3a7e7cb   RUNNING         0.00638205            128             32              3    0.260136   gcn                15            5720.51   0.948918       0.949715   0.974124   0.814247 │
╰─────────────────────────────────────────────────────────────────────────────────────────────────────────────────────────────────────────────────────────────────────────────────────────────────────────────╯
Trial status: 1 RUNNING
Current time: 2025-04-23 05:38:03. Total running time: 1hr 40min 39s
Logical resource usage: 4.0/16 CPUs, 0.5/2 GPUs (0.0/1.0 accelerator_type:A100)
Current best trial: c3a7e7cb with loss=0.9489184298278566 and params={'learning_rate': 0.00638204909515573, 'batch_size': 128, 'hidden_dim': 32, 'num_layers': 3, 'dropout': 0.2601364522768404, 'model_type': 'gcn'}
╭─────────────────────────────────────────────────────────────────────────────────────────────────────────────────────────────────────────────────────────────────────────────────────────────────────────────╮
│ Trial name                   status       learning_rate     batch_size     hidden_dim     num_layers     dropout   model_type       iter     total time (s)       loss     train_loss       rmse        mae │
├─────────────────────────────────────────────────────────────────────────────────────────────────────────────────────────────────────────────────────────────────────────────────────────────────────────────┤
│ train_with_params_c3a7e7cb   RUNNING         0.00638205            128             32              3    0.260136   gcn                15            5720.51   0.948918       0.949715   0.974124   0.814247 │
╰─────────────────────────────────────────────────────────────────────────────────────────────────────────────────────────────────────────────────────────────────────────────────────────────────────────────╯
Trial status: 1 RUNNING
Current time: 2025-04-23 05:38:33. Total running time: 1hr 41min 9s
Logical resource usage: 4.0/16 CPUs, 0.5/2 GPUs (0.0/1.0 accelerator_type:A100)
Current best trial: c3a7e7cb with loss=0.9489184298278566 and params={'learning_rate': 0.00638204909515573, 'batch_size': 128, 'hidden_dim': 32, 'num_layers': 3, 'dropout': 0.2601364522768404, 'model_type': 'gcn'}
╭─────────────────────────────────────────────────────────────────────────────────────────────────────────────────────────────────────────────────────────────────────────────────────────────────────────────╮
│ Trial name                   status       learning_rate     batch_size     hidden_dim     num_layers     dropout   model_type       iter     total time (s)       loss     train_loss       rmse        mae │
├─────────────────────────────────────────────────────────────────────────────────────────────────────────────────────────────────────────────────────────────────────────────────────────────────────────────┤
│ train_with_params_c3a7e7cb   RUNNING         0.00638205            128             32              3    0.260136   gcn                15            5720.51   0.948918       0.949715   0.974124   0.814247 │
╰─────────────────────────────────────────────────────────────────────────────────────────────────────────────────────────────────────────────────────────────────────────────────────────────────────────────╯

Trial train_with_params_c3a7e7cb finished iteration 16 at 2025-04-23 05:39:00. Total running time: 1hr 41min 35s
╭──────────────────────────────────────────────────────╮
│ Trial train_with_params_c3a7e7cb result              │
├──────────────────────────────────────────────────────┤
│ checkpoint_dir_name                                  │
│ time_this_iter_s                             368.546 │
│ time_total_s                                 6089.06 │
│ training_iteration                                16 │
│ epoch                                             15 │
│ loss                                         0.94891 │
│ mae                                         0.814182 │
│ r2                                                -0 │
│ rmse                                        0.974118 │
│ train_loss                                   0.94972 │
╰──────────────────────────────────────────────────────╯

Trial status: 1 RUNNING
Current time: 2025-04-23 05:39:03. Total running time: 1hr 41min 39s
Logical resource usage: 4.0/16 CPUs, 0.5/2 GPUs (0.0/1.0 accelerator_type:A100)
Current best trial: c3a7e7cb with loss=0.948906816004361 and params={'learning_rate': 0.00638204909515573, 'batch_size': 128, 'hidden_dim': 32, 'num_layers': 3, 'dropout': 0.2601364522768404, 'model_type': 'gcn'}
╭─────────────────────────────────────────────────────────────────────────────────────────────────────────────────────────────────────────────────────────────────────────────────────────────────────────────╮
│ Trial name                   status       learning_rate     batch_size     hidden_dim     num_layers     dropout   model_type       iter     total time (s)       loss     train_loss       rmse        mae │
├─────────────────────────────────────────────────────────────────────────────────────────────────────────────────────────────────────────────────────────────────────────────────────────────────────────────┤
│ train_with_params_c3a7e7cb   RUNNING         0.00638205            128             32              3    0.260136   gcn                16            6089.06   0.948907       0.949721   0.974118   0.814182 │
╰─────────────────────────────────────────────────────────────────────────────────────────────────────────────────────────────────────────────────────────────────────────────────────────────────────────────╯
Trial status: 1 RUNNING
Current time: 2025-04-23 05:39:33. Total running time: 1hr 42min 9s
Logical resource usage: 4.0/16 CPUs, 0.5/2 GPUs (0.0/1.0 accelerator_type:A100)
Current best trial: c3a7e7cb with loss=0.948906816004361 and params={'learning_rate': 0.00638204909515573, 'batch_size': 128, 'hidden_dim': 32, 'num_layers': 3, 'dropout': 0.2601364522768404, 'model_type': 'gcn'}
╭─────────────────────────────────────────────────────────────────────────────────────────────────────────────────────────────────────────────────────────────────────────────────────────────────────────────╮
│ Trial name                   status       learning_rate     batch_size     hidden_dim     num_layers     dropout   model_type       iter     total time (s)       loss     train_loss       rmse        mae │
├─────────────────────────────────────────────────────────────────────────────────────────────────────────────────────────────────────────────────────────────────────────────────────────────────────────────┤
│ train_with_params_c3a7e7cb   RUNNING         0.00638205            128             32              3    0.260136   gcn                16            6089.06   0.948907       0.949721   0.974118   0.814182 │
╰─────────────────────────────────────────────────────────────────────────────────────────────────────────────────────────────────────────────────────────────────────────────────────────────────────────────╯
Trial status: 1 RUNNING
Current time: 2025-04-23 05:40:03. Total running time: 1hr 42min 39s
Logical resource usage: 4.0/16 CPUs, 0.5/2 GPUs (0.0/1.0 accelerator_type:A100)
Current best trial: c3a7e7cb with loss=0.948906816004361 and params={'learning_rate': 0.00638204909515573, 'batch_size': 128, 'hidden_dim': 32, 'num_layers': 3, 'dropout': 0.2601364522768404, 'model_type': 'gcn'}
╭─────────────────────────────────────────────────────────────────────────────────────────────────────────────────────────────────────────────────────────────────────────────────────────────────────────────╮
│ Trial name                   status       learning_rate     batch_size     hidden_dim     num_layers     dropout   model_type       iter     total time (s)       loss     train_loss       rmse        mae │
├─────────────────────────────────────────────────────────────────────────────────────────────────────────────────────────────────────────────────────────────────────────────────────────────────────────────┤
│ train_with_params_c3a7e7cb   RUNNING         0.00638205            128             32              3    0.260136   gcn                16            6089.06   0.948907       0.949721   0.974118   0.814182 │
╰─────────────────────────────────────────────────────────────────────────────────────────────────────────────────────────────────────────────────────────────────────────────────────────────────────────────╯
Trial status: 1 RUNNING
Current time: 2025-04-23 05:40:33. Total running time: 1hr 43min 9s
Logical resource usage: 4.0/16 CPUs, 0.5/2 GPUs (0.0/1.0 accelerator_type:A100)
Current best trial: c3a7e7cb with loss=0.948906816004361 and params={'learning_rate': 0.00638204909515573, 'batch_size': 128, 'hidden_dim': 32, 'num_layers': 3, 'dropout': 0.2601364522768404, 'model_type': 'gcn'}
╭─────────────────────────────────────────────────────────────────────────────────────────────────────────────────────────────────────────────────────────────────────────────────────────────────────────────╮
│ Trial name                   status       learning_rate     batch_size     hidden_dim     num_layers     dropout   model_type       iter     total time (s)       loss     train_loss       rmse        mae │
├─────────────────────────────────────────────────────────────────────────────────────────────────────────────────────────────────────────────────────────────────────────────────────────────────────────────┤
│ train_with_params_c3a7e7cb   RUNNING         0.00638205            128             32              3    0.260136   gcn                16            6089.06   0.948907       0.949721   0.974118   0.814182 │
╰─────────────────────────────────────────────────────────────────────────────────────────────────────────────────────────────────────────────────────────────────────────────────────────────────────────────╯
Trial status: 1 RUNNING
Current time: 2025-04-23 05:41:04. Total running time: 1hr 43min 39s
Logical resource usage: 4.0/16 CPUs, 0.5/2 GPUs (0.0/1.0 accelerator_type:A100)
Current best trial: c3a7e7cb with loss=0.948906816004361 and params={'learning_rate': 0.00638204909515573, 'batch_size': 128, 'hidden_dim': 32, 'num_layers': 3, 'dropout': 0.2601364522768404, 'model_type': 'gcn'}
╭─────────────────────────────────────────────────────────────────────────────────────────────────────────────────────────────────────────────────────────────────────────────────────────────────────────────╮
│ Trial name                   status       learning_rate     batch_size     hidden_dim     num_layers     dropout   model_type       iter     total time (s)       loss     train_loss       rmse        mae │
├─────────────────────────────────────────────────────────────────────────────────────────────────────────────────────────────────────────────────────────────────────────────────────────────────────────────┤
│ train_with_params_c3a7e7cb   RUNNING         0.00638205            128             32              3    0.260136   gcn                16            6089.06   0.948907       0.949721   0.974118   0.814182 │
╰─────────────────────────────────────────────────────────────────────────────────────────────────────────────────────────────────────────────────────────────────────────────────────────────────────────────╯
Trial status: 1 RUNNING
Current time: 2025-04-23 05:41:34. Total running time: 1hr 44min 9s
Logical resource usage: 4.0/16 CPUs, 0.5/2 GPUs (0.0/1.0 accelerator_type:A100)
Current best trial: c3a7e7cb with loss=0.948906816004361 and params={'learning_rate': 0.00638204909515573, 'batch_size': 128, 'hidden_dim': 32, 'num_layers': 3, 'dropout': 0.2601364522768404, 'model_type': 'gcn'}
╭─────────────────────────────────────────────────────────────────────────────────────────────────────────────────────────────────────────────────────────────────────────────────────────────────────────────╮
│ Trial name                   status       learning_rate     batch_size     hidden_dim     num_layers     dropout   model_type       iter     total time (s)       loss     train_loss       rmse        mae │
├─────────────────────────────────────────────────────────────────────────────────────────────────────────────────────────────────────────────────────────────────────────────────────────────────────────────┤
│ train_with_params_c3a7e7cb   RUNNING         0.00638205            128             32              3    0.260136   gcn                16            6089.06   0.948907       0.949721   0.974118   0.814182 │
╰─────────────────────────────────────────────────────────────────────────────────────────────────────────────────────────────────────────────────────────────────────────────────────────────────────────────╯
Trial status: 1 RUNNING
Current time: 2025-04-23 05:42:04. Total running time: 1hr 44min 39s
Logical resource usage: 4.0/16 CPUs, 0.5/2 GPUs (0.0/1.0 accelerator_type:A100)
Current best trial: c3a7e7cb with loss=0.948906816004361 and params={'learning_rate': 0.00638204909515573, 'batch_size': 128, 'hidden_dim': 32, 'num_layers': 3, 'dropout': 0.2601364522768404, 'model_type': 'gcn'}
╭─────────────────────────────────────────────────────────────────────────────────────────────────────────────────────────────────────────────────────────────────────────────────────────────────────────────╮
│ Trial name                   status       learning_rate     batch_size     hidden_dim     num_layers     dropout   model_type       iter     total time (s)       loss     train_loss       rmse        mae │
├─────────────────────────────────────────────────────────────────────────────────────────────────────────────────────────────────────────────────────────────────────────────────────────────────────────────┤
│ train_with_params_c3a7e7cb   RUNNING         0.00638205            128             32              3    0.260136   gcn                16            6089.06   0.948907       0.949721   0.974118   0.814182 │
╰─────────────────────────────────────────────────────────────────────────────────────────────────────────────────────────────────────────────────────────────────────────────────────────────────────────────╯
Trial status: 1 RUNNING
Current time: 2025-04-23 05:42:34. Total running time: 1hr 45min 9s
Logical resource usage: 4.0/16 CPUs, 0.5/2 GPUs (0.0/1.0 accelerator_type:A100)
Current best trial: c3a7e7cb with loss=0.948906816004361 and params={'learning_rate': 0.00638204909515573, 'batch_size': 128, 'hidden_dim': 32, 'num_layers': 3, 'dropout': 0.2601364522768404, 'model_type': 'gcn'}
╭─────────────────────────────────────────────────────────────────────────────────────────────────────────────────────────────────────────────────────────────────────────────────────────────────────────────╮
│ Trial name                   status       learning_rate     batch_size     hidden_dim     num_layers     dropout   model_type       iter     total time (s)       loss     train_loss       rmse        mae │
├─────────────────────────────────────────────────────────────────────────────────────────────────────────────────────────────────────────────────────────────────────────────────────────────────────────────┤
│ train_with_params_c3a7e7cb   RUNNING         0.00638205            128             32              3    0.260136   gcn                16            6089.06   0.948907       0.949721   0.974118   0.814182 │
╰─────────────────────────────────────────────────────────────────────────────────────────────────────────────────────────────────────────────────────────────────────────────────────────────────────────────╯
Trial status: 1 RUNNING
Current time: 2025-04-23 05:43:04. Total running time: 1hr 45min 39s
Logical resource usage: 4.0/16 CPUs, 0.5/2 GPUs (0.0/1.0 accelerator_type:A100)
Current best trial: c3a7e7cb with loss=0.948906816004361 and params={'learning_rate': 0.00638204909515573, 'batch_size': 128, 'hidden_dim': 32, 'num_layers': 3, 'dropout': 0.2601364522768404, 'model_type': 'gcn'}
╭─────────────────────────────────────────────────────────────────────────────────────────────────────────────────────────────────────────────────────────────────────────────────────────────────────────────╮
│ Trial name                   status       learning_rate     batch_size     hidden_dim     num_layers     dropout   model_type       iter     total time (s)       loss     train_loss       rmse        mae │
├─────────────────────────────────────────────────────────────────────────────────────────────────────────────────────────────────────────────────────────────────────────────────────────────────────────────┤
│ train_with_params_c3a7e7cb   RUNNING         0.00638205            128             32              3    0.260136   gcn                16            6089.06   0.948907       0.949721   0.974118   0.814182 │
╰─────────────────────────────────────────────────────────────────────────────────────────────────────────────────────────────────────────────────────────────────────────────────────────────────────────────╯
Trial status: 1 RUNNING
Current time: 2025-04-23 05:43:34. Total running time: 1hr 46min 9s
Logical resource usage: 4.0/16 CPUs, 0.5/2 GPUs (0.0/1.0 accelerator_type:A100)
Current best trial: c3a7e7cb with loss=0.948906816004361 and params={'learning_rate': 0.00638204909515573, 'batch_size': 128, 'hidden_dim': 32, 'num_layers': 3, 'dropout': 0.2601364522768404, 'model_type': 'gcn'}
╭─────────────────────────────────────────────────────────────────────────────────────────────────────────────────────────────────────────────────────────────────────────────────────────────────────────────╮
│ Trial name                   status       learning_rate     batch_size     hidden_dim     num_layers     dropout   model_type       iter     total time (s)       loss     train_loss       rmse        mae │
├─────────────────────────────────────────────────────────────────────────────────────────────────────────────────────────────────────────────────────────────────────────────────────────────────────────────┤
│ train_with_params_c3a7e7cb   RUNNING         0.00638205            128             32              3    0.260136   gcn                16            6089.06   0.948907       0.949721   0.974118   0.814182 │
╰─────────────────────────────────────────────────────────────────────────────────────────────────────────────────────────────────────────────────────────────────────────────────────────────────────────────╯
Trial status: 1 RUNNING
Current time: 2025-04-23 05:44:04. Total running time: 1hr 46min 40s
Logical resource usage: 4.0/16 CPUs, 0.5/2 GPUs (0.0/1.0 accelerator_type:A100)
Current best trial: c3a7e7cb with loss=0.948906816004361 and params={'learning_rate': 0.00638204909515573, 'batch_size': 128, 'hidden_dim': 32, 'num_layers': 3, 'dropout': 0.2601364522768404, 'model_type': 'gcn'}
╭─────────────────────────────────────────────────────────────────────────────────────────────────────────────────────────────────────────────────────────────────────────────────────────────────────────────╮
│ Trial name                   status       learning_rate     batch_size     hidden_dim     num_layers     dropout   model_type       iter     total time (s)       loss     train_loss       rmse        mae │
├─────────────────────────────────────────────────────────────────────────────────────────────────────────────────────────────────────────────────────────────────────────────────────────────────────────────┤
│ train_with_params_c3a7e7cb   RUNNING         0.00638205            128             32              3    0.260136   gcn                16            6089.06   0.948907       0.949721   0.974118   0.814182 │
╰─────────────────────────────────────────────────────────────────────────────────────────────────────────────────────────────────────────────────────────────────────────────────────────────────────────────╯
Trial status: 1 RUNNING
Current time: 2025-04-23 05:44:34. Total running time: 1hr 47min 10s
Logical resource usage: 4.0/16 CPUs, 0.5/2 GPUs (0.0/1.0 accelerator_type:A100)
Current best trial: c3a7e7cb with loss=0.948906816004361 and params={'learning_rate': 0.00638204909515573, 'batch_size': 128, 'hidden_dim': 32, 'num_layers': 3, 'dropout': 0.2601364522768404, 'model_type': 'gcn'}
╭─────────────────────────────────────────────────────────────────────────────────────────────────────────────────────────────────────────────────────────────────────────────────────────────────────────────╮
│ Trial name                   status       learning_rate     batch_size     hidden_dim     num_layers     dropout   model_type       iter     total time (s)       loss     train_loss       rmse        mae │
├─────────────────────────────────────────────────────────────────────────────────────────────────────────────────────────────────────────────────────────────────────────────────────────────────────────────┤
│ train_with_params_c3a7e7cb   RUNNING         0.00638205            128             32              3    0.260136   gcn                16            6089.06   0.948907       0.949721   0.974118   0.814182 │
╰─────────────────────────────────────────────────────────────────────────────────────────────────────────────────────────────────────────────────────────────────────────────────────────────────────────────╯
Trial status: 1 RUNNING
Current time: 2025-04-23 05:45:04. Total running time: 1hr 47min 40s
Logical resource usage: 4.0/16 CPUs, 0.5/2 GPUs (0.0/1.0 accelerator_type:A100)
Current best trial: c3a7e7cb with loss=0.948906816004361 and params={'learning_rate': 0.00638204909515573, 'batch_size': 128, 'hidden_dim': 32, 'num_layers': 3, 'dropout': 0.2601364522768404, 'model_type': 'gcn'}
╭─────────────────────────────────────────────────────────────────────────────────────────────────────────────────────────────────────────────────────────────────────────────────────────────────────────────╮
│ Trial name                   status       learning_rate     batch_size     hidden_dim     num_layers     dropout   model_type       iter     total time (s)       loss     train_loss       rmse        mae │
├─────────────────────────────────────────────────────────────────────────────────────────────────────────────────────────────────────────────────────────────────────────────────────────────────────────────┤
│ train_with_params_c3a7e7cb   RUNNING         0.00638205            128             32              3    0.260136   gcn                16            6089.06   0.948907       0.949721   0.974118   0.814182 │
╰─────────────────────────────────────────────────────────────────────────────────────────────────────────────────────────────────────────────────────────────────────────────────────────────────────────────╯

Trial train_with_params_c3a7e7cb finished iteration 17 at 2025-04-23 05:45:08. Total running time: 1hr 47min 44s
╭──────────────────────────────────────────────────────╮
│ Trial train_with_params_c3a7e7cb result              │
├──────────────────────────────────────────────────────┤
│ checkpoint_dir_name                                  │
│ time_this_iter_s                             368.615 │
│ time_total_s                                 6457.67 │
│ training_iteration                                17 │
│ epoch                                             16 │
│ loss                                         0.94895 │
│ mae                                         0.813939 │
│ r2                                            -5e-05 │
│ rmse                                        0.974143 │
│ train_loss                                   0.94972 │
╰──────────────────────────────────────────────────────╯

Trial train_with_params_c3a7e7cb completed after 17 iterations at 2025-04-23 05:45:16. Total running time: 1hr 47min 52s

Trial status: 1 TERMINATED
Current time: 2025-04-23 05:45:16. Total running time: 1hr 47min 52s
Logical resource usage: 4.0/16 CPUs, 0.5/2 GPUs (0.0/1.0 accelerator_type:A100)
Current best trial: c3a7e7cb with loss=0.9489544021364523 and params={'learning_rate': 0.00638204909515573, 'batch_size': 128, 'hidden_dim': 32, 'num_layers': 3, 'dropout': 0.2601364522768404, 'model_type': 'gcn'}
╭───────────────────────────────────────────────────────────────────────────────────────────────────────────────────────────────────────────────────────────────────────────────────────────────────────────────╮
│ Trial name                   status         learning_rate     batch_size     hidden_dim     num_layers     dropout   model_type       iter     total time (s)       loss     train_loss       rmse        mae │
├───────────────────────────────────────────────────────────────────────────────────────────────────────────────────────────────────────────────────────────────────────────────────────────────────────────────┤
│ train_with_params_c3a7e7cb   TERMINATED        0.00638205            128             32              3    0.260136   gcn                17            6457.67   0.948954       0.949718   0.974143   0.813939 │
╰───────────────────────────────────────────────────────────────────────────────────────────────────────────────────────────────────────────────────────────────────────────────────────────────────────────────╯


Hyperparameter Optimization Results:
Best validation loss: 0.9490
Best validation RMSE: 0.9741427898406982
Best validation MAE: 0.8139393329620361
Best validation R²: -5.323588871397611e-05
Best hyperparameters:
  learning_rate: 0.00638204909515573
  batch_size: 128
  hidden_dim: 32
  num_layers: 3
  dropout: 0.2601364522768404
  model_type: gcn
Hyperparameter optimization completed at Wed Apr 23 05:45:20 CDT 2025
TensorBoard logs available at: logs/hyperopt/baseline/mi0.2/experiment_9/tensorboard
To view TensorBoard logs, run: tensorboard --logdir=logs/hyperopt/baseline/mi0.2/experiment_9/tensorboard
