Starting hyperparameter optimization at Mon Apr 21 22:47:34 CDT 2025
╭──────────────────────────────────────────────────────────╮
│ Configuration for experiment     gnn_hyperopt            │
├──────────────────────────────────────────────────────────┤
│ Search algorithm                 SearchGenerator         │
│ Scheduler                        AsyncHyperBandScheduler │
│ Number of trials                 1                       │
╰──────────────────────────────────────────────────────────╯

View detailed results here: /u/mbanisharifdehkordi/Github/GNN_4_IO_3/logs/hyperopt/baseline/mi0.2/experiment_9/gnn_hyperopt
To visualize your results with TensorBoard, run: `tensorboard --logdir /u/mbanisharifdehkordi/ray_temp/ray/session_2025-04-21_22-47-50_044196_3464559/artifacts/2025-04-21_22-47-54/gnn_hyperopt/driver_artifacts`

Trial status: 1 PENDING
Current time: 2025-04-21 22:47:54. Total running time: 0s
Logical resource usage: 0/16 CPUs, 0/2 GPUs (0.0/1.0 accelerator_type:A100)
╭─────────────────────────────────────────────────────────────────────────────────────────────────────────────────────────────────╮
│ Trial name                   status       learning_rate     batch_size     hidden_dim     num_layers     dropout   model_type   │
├─────────────────────────────────────────────────────────────────────────────────────────────────────────────────────────────────┤
│ train_with_params_19724568   PENDING        0.000976476            128            256              3    0.205911   gat          │
╰─────────────────────────────────────────────────────────────────────────────────────────────────────────────────────────────────╯

Trial train_with_params_19724568 started with configuration:
╭─────────────────────────────────────────────────────╮
│ Trial train_with_params_19724568 config             │
├─────────────────────────────────────────────────────┤
│ batch_size                                      128 │
│ dropout                                     0.20591 │
│ hidden_dim                                      256 │
│ learning_rate                               0.00098 │
│ model_type                                      gat │
│ num_layers                                        3 │
╰─────────────────────────────────────────────────────╯

Trial status: 1 RUNNING
Current time: 2025-04-21 22:48:24. Total running time: 30s
Logical resource usage: 4.0/16 CPUs, 0.5/2 GPUs (0.0/1.0 accelerator_type:A100)
╭─────────────────────────────────────────────────────────────────────────────────────────────────────────────────────────────────╮
│ Trial name                   status       learning_rate     batch_size     hidden_dim     num_layers     dropout   model_type   │
├─────────────────────────────────────────────────────────────────────────────────────────────────────────────────────────────────┤
│ train_with_params_19724568   RUNNING        0.000976476            128            256              3    0.205911   gat          │
╰─────────────────────────────────────────────────────────────────────────────────────────────────────────────────────────────────╯
Trial status: 1 RUNNING
Current time: 2025-04-21 22:48:54. Total running time: 1min 0s
Logical resource usage: 4.0/16 CPUs, 0.5/2 GPUs (0.0/1.0 accelerator_type:A100)
╭─────────────────────────────────────────────────────────────────────────────────────────────────────────────────────────────────╮
│ Trial name                   status       learning_rate     batch_size     hidden_dim     num_layers     dropout   model_type   │
├─────────────────────────────────────────────────────────────────────────────────────────────────────────────────────────────────┤
│ train_with_params_19724568   RUNNING        0.000976476            128            256              3    0.205911   gat          │
╰─────────────────────────────────────────────────────────────────────────────────────────────────────────────────────────────────╯
Trial status: 1 RUNNING
Current time: 2025-04-21 22:49:24. Total running time: 1min 30s
Logical resource usage: 4.0/16 CPUs, 0.5/2 GPUs (0.0/1.0 accelerator_type:A100)
╭─────────────────────────────────────────────────────────────────────────────────────────────────────────────────────────────────╮
│ Trial name                   status       learning_rate     batch_size     hidden_dim     num_layers     dropout   model_type   │
├─────────────────────────────────────────────────────────────────────────────────────────────────────────────────────────────────┤
│ train_with_params_19724568   RUNNING        0.000976476            128            256              3    0.205911   gat          │
╰─────────────────────────────────────────────────────────────────────────────────────────────────────────────────────────────────╯
Trial status: 1 RUNNING
Current time: 2025-04-21 22:49:54. Total running time: 2min 0s
Logical resource usage: 4.0/16 CPUs, 0.5/2 GPUs (0.0/1.0 accelerator_type:A100)
╭─────────────────────────────────────────────────────────────────────────────────────────────────────────────────────────────────╮
│ Trial name                   status       learning_rate     batch_size     hidden_dim     num_layers     dropout   model_type   │
├─────────────────────────────────────────────────────────────────────────────────────────────────────────────────────────────────┤
│ train_with_params_19724568   RUNNING        0.000976476            128            256              3    0.205911   gat          │
╰─────────────────────────────────────────────────────────────────────────────────────────────────────────────────────────────────╯
Trial status: 1 RUNNING
Current time: 2025-04-21 22:50:24. Total running time: 2min 30s
Logical resource usage: 4.0/16 CPUs, 0.5/2 GPUs (0.0/1.0 accelerator_type:A100)
╭─────────────────────────────────────────────────────────────────────────────────────────────────────────────────────────────────╮
│ Trial name                   status       learning_rate     batch_size     hidden_dim     num_layers     dropout   model_type   │
├─────────────────────────────────────────────────────────────────────────────────────────────────────────────────────────────────┤
│ train_with_params_19724568   RUNNING        0.000976476            128            256              3    0.205911   gat          │
╰─────────────────────────────────────────────────────────────────────────────────────────────────────────────────────────────────╯
Trial status: 1 RUNNING
Current time: 2025-04-21 22:50:54. Total running time: 3min 0s
Logical resource usage: 4.0/16 CPUs, 0.5/2 GPUs (0.0/1.0 accelerator_type:A100)
╭─────────────────────────────────────────────────────────────────────────────────────────────────────────────────────────────────╮
│ Trial name                   status       learning_rate     batch_size     hidden_dim     num_layers     dropout   model_type   │
├─────────────────────────────────────────────────────────────────────────────────────────────────────────────────────────────────┤
│ train_with_params_19724568   RUNNING        0.000976476            128            256              3    0.205911   gat          │
╰─────────────────────────────────────────────────────────────────────────────────────────────────────────────────────────────────╯
Trial status: 1 RUNNING
Current time: 2025-04-21 22:51:24. Total running time: 3min 30s
Logical resource usage: 4.0/16 CPUs, 0.5/2 GPUs (0.0/1.0 accelerator_type:A100)
╭─────────────────────────────────────────────────────────────────────────────────────────────────────────────────────────────────╮
│ Trial name                   status       learning_rate     batch_size     hidden_dim     num_layers     dropout   model_type   │
├─────────────────────────────────────────────────────────────────────────────────────────────────────────────────────────────────┤
│ train_with_params_19724568   RUNNING        0.000976476            128            256              3    0.205911   gat          │
╰─────────────────────────────────────────────────────────────────────────────────────────────────────────────────────────────────╯
Trial status: 1 RUNNING
Current time: 2025-04-21 22:51:54. Total running time: 4min 0s
Logical resource usage: 4.0/16 CPUs, 0.5/2 GPUs (0.0/1.0 accelerator_type:A100)
╭─────────────────────────────────────────────────────────────────────────────────────────────────────────────────────────────────╮
│ Trial name                   status       learning_rate     batch_size     hidden_dim     num_layers     dropout   model_type   │
├─────────────────────────────────────────────────────────────────────────────────────────────────────────────────────────────────┤
│ train_with_params_19724568   RUNNING        0.000976476            128            256              3    0.205911   gat          │
╰─────────────────────────────────────────────────────────────────────────────────────────────────────────────────────────────────╯
Trial status: 1 RUNNING
Current time: 2025-04-21 22:52:24. Total running time: 4min 30s
Logical resource usage: 4.0/16 CPUs, 0.5/2 GPUs (0.0/1.0 accelerator_type:A100)
╭─────────────────────────────────────────────────────────────────────────────────────────────────────────────────────────────────╮
│ Trial name                   status       learning_rate     batch_size     hidden_dim     num_layers     dropout   model_type   │
├─────────────────────────────────────────────────────────────────────────────────────────────────────────────────────────────────┤
│ train_with_params_19724568   RUNNING        0.000976476            128            256              3    0.205911   gat          │
╰─────────────────────────────────────────────────────────────────────────────────────────────────────────────────────────────────╯
Trial status: 1 RUNNING
Current time: 2025-04-21 22:52:54. Total running time: 5min 0s
Logical resource usage: 4.0/16 CPUs, 0.5/2 GPUs (0.0/1.0 accelerator_type:A100)
╭─────────────────────────────────────────────────────────────────────────────────────────────────────────────────────────────────╮
│ Trial name                   status       learning_rate     batch_size     hidden_dim     num_layers     dropout   model_type   │
├─────────────────────────────────────────────────────────────────────────────────────────────────────────────────────────────────┤
│ train_with_params_19724568   RUNNING        0.000976476            128            256              3    0.205911   gat          │
╰─────────────────────────────────────────────────────────────────────────────────────────────────────────────────────────────────╯
Trial status: 1 RUNNING
Current time: 2025-04-21 22:53:24. Total running time: 5min 30s
Logical resource usage: 4.0/16 CPUs, 0.5/2 GPUs (0.0/1.0 accelerator_type:A100)
╭─────────────────────────────────────────────────────────────────────────────────────────────────────────────────────────────────╮
│ Trial name                   status       learning_rate     batch_size     hidden_dim     num_layers     dropout   model_type   │
├─────────────────────────────────────────────────────────────────────────────────────────────────────────────────────────────────┤
│ train_with_params_19724568   RUNNING        0.000976476            128            256              3    0.205911   gat          │
╰─────────────────────────────────────────────────────────────────────────────────────────────────────────────────────────────────╯
Trial status: 1 RUNNING
Current time: 2025-04-21 22:53:54. Total running time: 6min 0s
Logical resource usage: 4.0/16 CPUs, 0.5/2 GPUs (0.0/1.0 accelerator_type:A100)
╭─────────────────────────────────────────────────────────────────────────────────────────────────────────────────────────────────╮
│ Trial name                   status       learning_rate     batch_size     hidden_dim     num_layers     dropout   model_type   │
├─────────────────────────────────────────────────────────────────────────────────────────────────────────────────────────────────┤
│ train_with_params_19724568   RUNNING        0.000976476            128            256              3    0.205911   gat          │
╰─────────────────────────────────────────────────────────────────────────────────────────────────────────────────────────────────╯
Trial status: 1 RUNNING
Current time: 2025-04-21 22:54:24. Total running time: 6min 30s
Logical resource usage: 4.0/16 CPUs, 0.5/2 GPUs (0.0/1.0 accelerator_type:A100)
╭─────────────────────────────────────────────────────────────────────────────────────────────────────────────────────────────────╮
│ Trial name                   status       learning_rate     batch_size     hidden_dim     num_layers     dropout   model_type   │
├─────────────────────────────────────────────────────────────────────────────────────────────────────────────────────────────────┤
│ train_with_params_19724568   RUNNING        0.000976476            128            256              3    0.205911   gat          │
╰─────────────────────────────────────────────────────────────────────────────────────────────────────────────────────────────────╯
Trial status: 1 RUNNING
Current time: 2025-04-21 22:54:54. Total running time: 7min 0s
Logical resource usage: 4.0/16 CPUs, 0.5/2 GPUs (0.0/1.0 accelerator_type:A100)
╭─────────────────────────────────────────────────────────────────────────────────────────────────────────────────────────────────╮
│ Trial name                   status       learning_rate     batch_size     hidden_dim     num_layers     dropout   model_type   │
├─────────────────────────────────────────────────────────────────────────────────────────────────────────────────────────────────┤
│ train_with_params_19724568   RUNNING        0.000976476            128            256              3    0.205911   gat          │
╰─────────────────────────────────────────────────────────────────────────────────────────────────────────────────────────────────╯
Trial status: 1 RUNNING
Current time: 2025-04-21 22:55:24. Total running time: 7min 30s
Logical resource usage: 4.0/16 CPUs, 0.5/2 GPUs (0.0/1.0 accelerator_type:A100)
╭─────────────────────────────────────────────────────────────────────────────────────────────────────────────────────────────────╮
│ Trial name                   status       learning_rate     batch_size     hidden_dim     num_layers     dropout   model_type   │
├─────────────────────────────────────────────────────────────────────────────────────────────────────────────────────────────────┤
│ train_with_params_19724568   RUNNING        0.000976476            128            256              3    0.205911   gat          │
╰─────────────────────────────────────────────────────────────────────────────────────────────────────────────────────────────────╯
Trial status: 1 RUNNING
Current time: 2025-04-21 22:55:54. Total running time: 8min 0s
Logical resource usage: 4.0/16 CPUs, 0.5/2 GPUs (0.0/1.0 accelerator_type:A100)
╭─────────────────────────────────────────────────────────────────────────────────────────────────────────────────────────────────╮
│ Trial name                   status       learning_rate     batch_size     hidden_dim     num_layers     dropout   model_type   │
├─────────────────────────────────────────────────────────────────────────────────────────────────────────────────────────────────┤
│ train_with_params_19724568   RUNNING        0.000976476            128            256              3    0.205911   gat          │
╰─────────────────────────────────────────────────────────────────────────────────────────────────────────────────────────────────╯
Trial status: 1 RUNNING
Current time: 2025-04-21 22:56:24. Total running time: 8min 30s
Logical resource usage: 4.0/16 CPUs, 0.5/2 GPUs (0.0/1.0 accelerator_type:A100)
╭─────────────────────────────────────────────────────────────────────────────────────────────────────────────────────────────────╮
│ Trial name                   status       learning_rate     batch_size     hidden_dim     num_layers     dropout   model_type   │
├─────────────────────────────────────────────────────────────────────────────────────────────────────────────────────────────────┤
│ train_with_params_19724568   RUNNING        0.000976476            128            256              3    0.205911   gat          │
╰─────────────────────────────────────────────────────────────────────────────────────────────────────────────────────────────────╯
Trial status: 1 RUNNING
Current time: 2025-04-21 22:56:54. Total running time: 9min 0s
Logical resource usage: 4.0/16 CPUs, 0.5/2 GPUs (0.0/1.0 accelerator_type:A100)
╭─────────────────────────────────────────────────────────────────────────────────────────────────────────────────────────────────╮
│ Trial name                   status       learning_rate     batch_size     hidden_dim     num_layers     dropout   model_type   │
├─────────────────────────────────────────────────────────────────────────────────────────────────────────────────────────────────┤
│ train_with_params_19724568   RUNNING        0.000976476            128            256              3    0.205911   gat          │
╰─────────────────────────────────────────────────────────────────────────────────────────────────────────────────────────────────╯
Trial status: 1 RUNNING
Current time: 2025-04-21 22:57:25. Total running time: 9min 30s
Logical resource usage: 4.0/16 CPUs, 0.5/2 GPUs (0.0/1.0 accelerator_type:A100)
╭─────────────────────────────────────────────────────────────────────────────────────────────────────────────────────────────────╮
│ Trial name                   status       learning_rate     batch_size     hidden_dim     num_layers     dropout   model_type   │
├─────────────────────────────────────────────────────────────────────────────────────────────────────────────────────────────────┤
│ train_with_params_19724568   RUNNING        0.000976476            128            256              3    0.205911   gat          │
╰─────────────────────────────────────────────────────────────────────────────────────────────────────────────────────────────────╯
Trial status: 1 RUNNING
Current time: 2025-04-21 22:57:55. Total running time: 10min 0s
Logical resource usage: 4.0/16 CPUs, 0.5/2 GPUs (0.0/1.0 accelerator_type:A100)
╭─────────────────────────────────────────────────────────────────────────────────────────────────────────────────────────────────╮
│ Trial name                   status       learning_rate     batch_size     hidden_dim     num_layers     dropout   model_type   │
├─────────────────────────────────────────────────────────────────────────────────────────────────────────────────────────────────┤
│ train_with_params_19724568   RUNNING        0.000976476            128            256              3    0.205911   gat          │
╰─────────────────────────────────────────────────────────────────────────────────────────────────────────────────────────────────╯
Trial status: 1 RUNNING
Current time: 2025-04-21 22:58:25. Total running time: 10min 30s
Logical resource usage: 4.0/16 CPUs, 0.5/2 GPUs (0.0/1.0 accelerator_type:A100)
╭─────────────────────────────────────────────────────────────────────────────────────────────────────────────────────────────────╮
│ Trial name                   status       learning_rate     batch_size     hidden_dim     num_layers     dropout   model_type   │
├─────────────────────────────────────────────────────────────────────────────────────────────────────────────────────────────────┤
│ train_with_params_19724568   RUNNING        0.000976476            128            256              3    0.205911   gat          │
╰─────────────────────────────────────────────────────────────────────────────────────────────────────────────────────────────────╯

Trial train_with_params_19724568 finished iteration 1 at 2025-04-21 22:58:31. Total running time: 10min 37s
╭──────────────────────────────────────────────────────────╮
│ Trial train_with_params_19724568 result                  │
├──────────────────────────────────────────────────────────┤
│ checkpoint_dir_name                                      │
│ time_this_iter_s                                 631.162 │
│ time_total_s                                     631.162 │
│ training_iteration                                     1 │
│ epoch                                                  0 │
│ loss                                         6.83208e+07 │
│ mae                                               126.35 │
│ r2                                          -7.19997e+07 │
│ rmse                                             8265.64 │
│ train_loss                                   2.52045e+10 │
╰──────────────────────────────────────────────────────────╯

Trial status: 1 RUNNING
Current time: 2025-04-21 22:58:55. Total running time: 11min 0s
Logical resource usage: 4.0/16 CPUs, 0.5/2 GPUs (0.0/1.0 accelerator_type:A100)
Current best trial: 19724568 with loss=68320810.38947365 and params={'learning_rate': 0.0009764757359774002, 'batch_size': 128, 'hidden_dim': 256, 'num_layers': 3, 'dropout': 0.20591111311538035, 'model_type': 'gat'}
╭─────────────────────────────────────────────────────────────────────────────────────────────────────────────────────────────────────────────────────────────────────────────────────────────────────────────╮
│ Trial name                   status       learning_rate     batch_size     hidden_dim     num_layers     dropout   model_type       iter     total time (s)          loss     train_loss      rmse      mae │
├─────────────────────────────────────────────────────────────────────────────────────────────────────────────────────────────────────────────────────────────────────────────────────────────────────────────┤
│ train_with_params_19724568   RUNNING        0.000976476            128            256              3    0.205911   gat                 1            631.162   6.83208e+07    2.52045e+10   8265.64   126.35 │
╰─────────────────────────────────────────────────────────────────────────────────────────────────────────────────────────────────────────────────────────────────────────────────────────────────────────────╯
Trial status: 1 RUNNING
Current time: 2025-04-21 22:59:25. Total running time: 11min 30s
Logical resource usage: 4.0/16 CPUs, 0.5/2 GPUs (0.0/1.0 accelerator_type:A100)
Current best trial: 19724568 with loss=68320810.38947365 and params={'learning_rate': 0.0009764757359774002, 'batch_size': 128, 'hidden_dim': 256, 'num_layers': 3, 'dropout': 0.20591111311538035, 'model_type': 'gat'}
╭─────────────────────────────────────────────────────────────────────────────────────────────────────────────────────────────────────────────────────────────────────────────────────────────────────────────╮
│ Trial name                   status       learning_rate     batch_size     hidden_dim     num_layers     dropout   model_type       iter     total time (s)          loss     train_loss      rmse      mae │
├─────────────────────────────────────────────────────────────────────────────────────────────────────────────────────────────────────────────────────────────────────────────────────────────────────────────┤
│ train_with_params_19724568   RUNNING        0.000976476            128            256              3    0.205911   gat                 1            631.162   6.83208e+07    2.52045e+10   8265.64   126.35 │
╰─────────────────────────────────────────────────────────────────────────────────────────────────────────────────────────────────────────────────────────────────────────────────────────────────────────────╯
Trial status: 1 RUNNING
Current time: 2025-04-21 22:59:55. Total running time: 12min 0s
Logical resource usage: 4.0/16 CPUs, 0.5/2 GPUs (0.0/1.0 accelerator_type:A100)
Current best trial: 19724568 with loss=68320810.38947365 and params={'learning_rate': 0.0009764757359774002, 'batch_size': 128, 'hidden_dim': 256, 'num_layers': 3, 'dropout': 0.20591111311538035, 'model_type': 'gat'}
╭─────────────────────────────────────────────────────────────────────────────────────────────────────────────────────────────────────────────────────────────────────────────────────────────────────────────╮
│ Trial name                   status       learning_rate     batch_size     hidden_dim     num_layers     dropout   model_type       iter     total time (s)          loss     train_loss      rmse      mae │
├─────────────────────────────────────────────────────────────────────────────────────────────────────────────────────────────────────────────────────────────────────────────────────────────────────────────┤
│ train_with_params_19724568   RUNNING        0.000976476            128            256              3    0.205911   gat                 1            631.162   6.83208e+07    2.52045e+10   8265.64   126.35 │
╰─────────────────────────────────────────────────────────────────────────────────────────────────────────────────────────────────────────────────────────────────────────────────────────────────────────────╯
Trial status: 1 RUNNING
Current time: 2025-04-21 23:00:25. Total running time: 12min 30s
Logical resource usage: 4.0/16 CPUs, 0.5/2 GPUs (0.0/1.0 accelerator_type:A100)
Current best trial: 19724568 with loss=68320810.38947365 and params={'learning_rate': 0.0009764757359774002, 'batch_size': 128, 'hidden_dim': 256, 'num_layers': 3, 'dropout': 0.20591111311538035, 'model_type': 'gat'}
╭─────────────────────────────────────────────────────────────────────────────────────────────────────────────────────────────────────────────────────────────────────────────────────────────────────────────╮
│ Trial name                   status       learning_rate     batch_size     hidden_dim     num_layers     dropout   model_type       iter     total time (s)          loss     train_loss      rmse      mae │
├─────────────────────────────────────────────────────────────────────────────────────────────────────────────────────────────────────────────────────────────────────────────────────────────────────────────┤
│ train_with_params_19724568   RUNNING        0.000976476            128            256              3    0.205911   gat                 1            631.162   6.83208e+07    2.52045e+10   8265.64   126.35 │
╰─────────────────────────────────────────────────────────────────────────────────────────────────────────────────────────────────────────────────────────────────────────────────────────────────────────────╯
Trial status: 1 RUNNING
Current time: 2025-04-21 23:00:55. Total running time: 13min 0s
Logical resource usage: 4.0/16 CPUs, 0.5/2 GPUs (0.0/1.0 accelerator_type:A100)
Current best trial: 19724568 with loss=68320810.38947365 and params={'learning_rate': 0.0009764757359774002, 'batch_size': 128, 'hidden_dim': 256, 'num_layers': 3, 'dropout': 0.20591111311538035, 'model_type': 'gat'}
╭─────────────────────────────────────────────────────────────────────────────────────────────────────────────────────────────────────────────────────────────────────────────────────────────────────────────╮
│ Trial name                   status       learning_rate     batch_size     hidden_dim     num_layers     dropout   model_type       iter     total time (s)          loss     train_loss      rmse      mae │
├─────────────────────────────────────────────────────────────────────────────────────────────────────────────────────────────────────────────────────────────────────────────────────────────────────────────┤
│ train_with_params_19724568   RUNNING        0.000976476            128            256              3    0.205911   gat                 1            631.162   6.83208e+07    2.52045e+10   8265.64   126.35 │
╰─────────────────────────────────────────────────────────────────────────────────────────────────────────────────────────────────────────────────────────────────────────────────────────────────────────────╯
Trial status: 1 RUNNING
Current time: 2025-04-21 23:01:25. Total running time: 13min 30s
Logical resource usage: 4.0/16 CPUs, 0.5/2 GPUs (0.0/1.0 accelerator_type:A100)
Current best trial: 19724568 with loss=68320810.38947365 and params={'learning_rate': 0.0009764757359774002, 'batch_size': 128, 'hidden_dim': 256, 'num_layers': 3, 'dropout': 0.20591111311538035, 'model_type': 'gat'}
╭─────────────────────────────────────────────────────────────────────────────────────────────────────────────────────────────────────────────────────────────────────────────────────────────────────────────╮
│ Trial name                   status       learning_rate     batch_size     hidden_dim     num_layers     dropout   model_type       iter     total time (s)          loss     train_loss      rmse      mae │
├─────────────────────────────────────────────────────────────────────────────────────────────────────────────────────────────────────────────────────────────────────────────────────────────────────────────┤
│ train_with_params_19724568   RUNNING        0.000976476            128            256              3    0.205911   gat                 1            631.162   6.83208e+07    2.52045e+10   8265.64   126.35 │
╰─────────────────────────────────────────────────────────────────────────────────────────────────────────────────────────────────────────────────────────────────────────────────────────────────────────────╯
Trial status: 1 RUNNING
Current time: 2025-04-21 23:01:55. Total running time: 14min 1s
Logical resource usage: 4.0/16 CPUs, 0.5/2 GPUs (0.0/1.0 accelerator_type:A100)
Current best trial: 19724568 with loss=68320810.38947365 and params={'learning_rate': 0.0009764757359774002, 'batch_size': 128, 'hidden_dim': 256, 'num_layers': 3, 'dropout': 0.20591111311538035, 'model_type': 'gat'}
╭─────────────────────────────────────────────────────────────────────────────────────────────────────────────────────────────────────────────────────────────────────────────────────────────────────────────╮
│ Trial name                   status       learning_rate     batch_size     hidden_dim     num_layers     dropout   model_type       iter     total time (s)          loss     train_loss      rmse      mae │
├─────────────────────────────────────────────────────────────────────────────────────────────────────────────────────────────────────────────────────────────────────────────────────────────────────────────┤
│ train_with_params_19724568   RUNNING        0.000976476            128            256              3    0.205911   gat                 1            631.162   6.83208e+07    2.52045e+10   8265.64   126.35 │
╰─────────────────────────────────────────────────────────────────────────────────────────────────────────────────────────────────────────────────────────────────────────────────────────────────────────────╯
Trial status: 1 RUNNING
Current time: 2025-04-21 23:02:25. Total running time: 14min 31s
Logical resource usage: 4.0/16 CPUs, 0.5/2 GPUs (0.0/1.0 accelerator_type:A100)
Current best trial: 19724568 with loss=68320810.38947365 and params={'learning_rate': 0.0009764757359774002, 'batch_size': 128, 'hidden_dim': 256, 'num_layers': 3, 'dropout': 0.20591111311538035, 'model_type': 'gat'}
╭─────────────────────────────────────────────────────────────────────────────────────────────────────────────────────────────────────────────────────────────────────────────────────────────────────────────╮
│ Trial name                   status       learning_rate     batch_size     hidden_dim     num_layers     dropout   model_type       iter     total time (s)          loss     train_loss      rmse      mae │
├─────────────────────────────────────────────────────────────────────────────────────────────────────────────────────────────────────────────────────────────────────────────────────────────────────────────┤
│ train_with_params_19724568   RUNNING        0.000976476            128            256              3    0.205911   gat                 1            631.162   6.83208e+07    2.52045e+10   8265.64   126.35 │
╰─────────────────────────────────────────────────────────────────────────────────────────────────────────────────────────────────────────────────────────────────────────────────────────────────────────────╯
Trial status: 1 RUNNING
Current time: 2025-04-21 23:02:55. Total running time: 15min 1s
Logical resource usage: 4.0/16 CPUs, 0.5/2 GPUs (0.0/1.0 accelerator_type:A100)
Current best trial: 19724568 with loss=68320810.38947365 and params={'learning_rate': 0.0009764757359774002, 'batch_size': 128, 'hidden_dim': 256, 'num_layers': 3, 'dropout': 0.20591111311538035, 'model_type': 'gat'}
╭─────────────────────────────────────────────────────────────────────────────────────────────────────────────────────────────────────────────────────────────────────────────────────────────────────────────╮
│ Trial name                   status       learning_rate     batch_size     hidden_dim     num_layers     dropout   model_type       iter     total time (s)          loss     train_loss      rmse      mae │
├─────────────────────────────────────────────────────────────────────────────────────────────────────────────────────────────────────────────────────────────────────────────────────────────────────────────┤
│ train_with_params_19724568   RUNNING        0.000976476            128            256              3    0.205911   gat                 1            631.162   6.83208e+07    2.52045e+10   8265.64   126.35 │
╰─────────────────────────────────────────────────────────────────────────────────────────────────────────────────────────────────────────────────────────────────────────────────────────────────────────────╯
Trial status: 1 RUNNING
Current time: 2025-04-21 23:03:25. Total running time: 15min 31s
Logical resource usage: 4.0/16 CPUs, 0.5/2 GPUs (0.0/1.0 accelerator_type:A100)
Current best trial: 19724568 with loss=68320810.38947365 and params={'learning_rate': 0.0009764757359774002, 'batch_size': 128, 'hidden_dim': 256, 'num_layers': 3, 'dropout': 0.20591111311538035, 'model_type': 'gat'}
╭─────────────────────────────────────────────────────────────────────────────────────────────────────────────────────────────────────────────────────────────────────────────────────────────────────────────╮
│ Trial name                   status       learning_rate     batch_size     hidden_dim     num_layers     dropout   model_type       iter     total time (s)          loss     train_loss      rmse      mae │
├─────────────────────────────────────────────────────────────────────────────────────────────────────────────────────────────────────────────────────────────────────────────────────────────────────────────┤
│ train_with_params_19724568   RUNNING        0.000976476            128            256              3    0.205911   gat                 1            631.162   6.83208e+07    2.52045e+10   8265.64   126.35 │
╰─────────────────────────────────────────────────────────────────────────────────────────────────────────────────────────────────────────────────────────────────────────────────────────────────────────────╯
Trial status: 1 RUNNING
Current time: 2025-04-21 23:03:55. Total running time: 16min 1s
Logical resource usage: 4.0/16 CPUs, 0.5/2 GPUs (0.0/1.0 accelerator_type:A100)
Current best trial: 19724568 with loss=68320810.38947365 and params={'learning_rate': 0.0009764757359774002, 'batch_size': 128, 'hidden_dim': 256, 'num_layers': 3, 'dropout': 0.20591111311538035, 'model_type': 'gat'}
╭─────────────────────────────────────────────────────────────────────────────────────────────────────────────────────────────────────────────────────────────────────────────────────────────────────────────╮
│ Trial name                   status       learning_rate     batch_size     hidden_dim     num_layers     dropout   model_type       iter     total time (s)          loss     train_loss      rmse      mae │
├─────────────────────────────────────────────────────────────────────────────────────────────────────────────────────────────────────────────────────────────────────────────────────────────────────────────┤
│ train_with_params_19724568   RUNNING        0.000976476            128            256              3    0.205911   gat                 1            631.162   6.83208e+07    2.52045e+10   8265.64   126.35 │
╰─────────────────────────────────────────────────────────────────────────────────────────────────────────────────────────────────────────────────────────────────────────────────────────────────────────────╯
Trial status: 1 RUNNING
Current time: 2025-04-21 23:04:25. Total running time: 16min 31s
Logical resource usage: 4.0/16 CPUs, 0.5/2 GPUs (0.0/1.0 accelerator_type:A100)
Current best trial: 19724568 with loss=68320810.38947365 and params={'learning_rate': 0.0009764757359774002, 'batch_size': 128, 'hidden_dim': 256, 'num_layers': 3, 'dropout': 0.20591111311538035, 'model_type': 'gat'}
╭─────────────────────────────────────────────────────────────────────────────────────────────────────────────────────────────────────────────────────────────────────────────────────────────────────────────╮
│ Trial name                   status       learning_rate     batch_size     hidden_dim     num_layers     dropout   model_type       iter     total time (s)          loss     train_loss      rmse      mae │
├─────────────────────────────────────────────────────────────────────────────────────────────────────────────────────────────────────────────────────────────────────────────────────────────────────────────┤
│ train_with_params_19724568   RUNNING        0.000976476            128            256              3    0.205911   gat                 1            631.162   6.83208e+07    2.52045e+10   8265.64   126.35 │
╰─────────────────────────────────────────────────────────────────────────────────────────────────────────────────────────────────────────────────────────────────────────────────────────────────────────────╯
Trial status: 1 RUNNING
Current time: 2025-04-21 23:04:55. Total running time: 17min 1s
Logical resource usage: 4.0/16 CPUs, 0.5/2 GPUs (0.0/1.0 accelerator_type:A100)
Current best trial: 19724568 with loss=68320810.38947365 and params={'learning_rate': 0.0009764757359774002, 'batch_size': 128, 'hidden_dim': 256, 'num_layers': 3, 'dropout': 0.20591111311538035, 'model_type': 'gat'}
╭─────────────────────────────────────────────────────────────────────────────────────────────────────────────────────────────────────────────────────────────────────────────────────────────────────────────╮
│ Trial name                   status       learning_rate     batch_size     hidden_dim     num_layers     dropout   model_type       iter     total time (s)          loss     train_loss      rmse      mae │
├─────────────────────────────────────────────────────────────────────────────────────────────────────────────────────────────────────────────────────────────────────────────────────────────────────────────┤
│ train_with_params_19724568   RUNNING        0.000976476            128            256              3    0.205911   gat                 1            631.162   6.83208e+07    2.52045e+10   8265.64   126.35 │
╰─────────────────────────────────────────────────────────────────────────────────────────────────────────────────────────────────────────────────────────────────────────────────────────────────────────────╯
Trial status: 1 RUNNING
Current time: 2025-04-21 23:05:25. Total running time: 17min 31s
Logical resource usage: 4.0/16 CPUs, 0.5/2 GPUs (0.0/1.0 accelerator_type:A100)
Current best trial: 19724568 with loss=68320810.38947365 and params={'learning_rate': 0.0009764757359774002, 'batch_size': 128, 'hidden_dim': 256, 'num_layers': 3, 'dropout': 0.20591111311538035, 'model_type': 'gat'}
╭─────────────────────────────────────────────────────────────────────────────────────────────────────────────────────────────────────────────────────────────────────────────────────────────────────────────╮
│ Trial name                   status       learning_rate     batch_size     hidden_dim     num_layers     dropout   model_type       iter     total time (s)          loss     train_loss      rmse      mae │
├─────────────────────────────────────────────────────────────────────────────────────────────────────────────────────────────────────────────────────────────────────────────────────────────────────────────┤
│ train_with_params_19724568   RUNNING        0.000976476            128            256              3    0.205911   gat                 1            631.162   6.83208e+07    2.52045e+10   8265.64   126.35 │
╰─────────────────────────────────────────────────────────────────────────────────────────────────────────────────────────────────────────────────────────────────────────────────────────────────────────────╯
Trial status: 1 RUNNING
Current time: 2025-04-21 23:05:55. Total running time: 18min 1s
Logical resource usage: 4.0/16 CPUs, 0.5/2 GPUs (0.0/1.0 accelerator_type:A100)
Current best trial: 19724568 with loss=68320810.38947365 and params={'learning_rate': 0.0009764757359774002, 'batch_size': 128, 'hidden_dim': 256, 'num_layers': 3, 'dropout': 0.20591111311538035, 'model_type': 'gat'}
╭─────────────────────────────────────────────────────────────────────────────────────────────────────────────────────────────────────────────────────────────────────────────────────────────────────────────╮
│ Trial name                   status       learning_rate     batch_size     hidden_dim     num_layers     dropout   model_type       iter     total time (s)          loss     train_loss      rmse      mae │
├─────────────────────────────────────────────────────────────────────────────────────────────────────────────────────────────────────────────────────────────────────────────────────────────────────────────┤
│ train_with_params_19724568   RUNNING        0.000976476            128            256              3    0.205911   gat                 1            631.162   6.83208e+07    2.52045e+10   8265.64   126.35 │
╰─────────────────────────────────────────────────────────────────────────────────────────────────────────────────────────────────────────────────────────────────────────────────────────────────────────────╯

Trial train_with_params_19724568 finished iteration 2 at 2025-04-21 23:06:11. Total running time: 18min 16s
╭──────────────────────────────────────────────────────────╮
│ Trial train_with_params_19724568 result                  │
├──────────────────────────────────────────────────────────┤
│ checkpoint_dir_name                                      │
│ time_this_iter_s                                   459.3 │
│ time_total_s                                     1090.46 │
│ training_iteration                                     2 │
│ epoch                                                  1 │
│ loss                                          4.1516e+10 │
│ mae                                              2704.43 │
│ r2                                          -4.37515e+10 │
│ rmse                                              203755 │
│ train_loss                                   2.71044e+11 │
╰──────────────────────────────────────────────────────────╯

Trial status: 1 RUNNING
Current time: 2025-04-21 23:06:25. Total running time: 18min 31s
Logical resource usage: 4.0/16 CPUs, 0.5/2 GPUs (0.0/1.0 accelerator_type:A100)
Current best trial: 19724568 with loss=41515972061.99993 and params={'learning_rate': 0.0009764757359774002, 'batch_size': 128, 'hidden_dim': 256, 'num_layers': 3, 'dropout': 0.20591111311538035, 'model_type': 'gat'}
╭────────────────────────────────────────────────────────────────────────────────────────────────────────────────────────────────────────────────────────────────────────────────────────────────────────────╮
│ Trial name                   status       learning_rate     batch_size     hidden_dim     num_layers     dropout   model_type       iter     total time (s)         loss     train_loss     rmse       mae │
├────────────────────────────────────────────────────────────────────────────────────────────────────────────────────────────────────────────────────────────────────────────────────────────────────────────┤
│ train_with_params_19724568   RUNNING        0.000976476            128            256              3    0.205911   gat                 2            1090.46   4.1516e+10    2.71044e+11   203755   2704.43 │
╰────────────────────────────────────────────────────────────────────────────────────────────────────────────────────────────────────────────────────────────────────────────────────────────────────────────╯
Trial status: 1 RUNNING
Current time: 2025-04-21 23:06:55. Total running time: 19min 1s
Logical resource usage: 4.0/16 CPUs, 0.5/2 GPUs (0.0/1.0 accelerator_type:A100)
Current best trial: 19724568 with loss=41515972061.99993 and params={'learning_rate': 0.0009764757359774002, 'batch_size': 128, 'hidden_dim': 256, 'num_layers': 3, 'dropout': 0.20591111311538035, 'model_type': 'gat'}
╭────────────────────────────────────────────────────────────────────────────────────────────────────────────────────────────────────────────────────────────────────────────────────────────────────────────╮
│ Trial name                   status       learning_rate     batch_size     hidden_dim     num_layers     dropout   model_type       iter     total time (s)         loss     train_loss     rmse       mae │
├────────────────────────────────────────────────────────────────────────────────────────────────────────────────────────────────────────────────────────────────────────────────────────────────────────────┤
│ train_with_params_19724568   RUNNING        0.000976476            128            256              3    0.205911   gat                 2            1090.46   4.1516e+10    2.71044e+11   203755   2704.43 │
╰────────────────────────────────────────────────────────────────────────────────────────────────────────────────────────────────────────────────────────────────────────────────────────────────────────────╯
Trial status: 1 RUNNING
Current time: 2025-04-21 23:07:25. Total running time: 19min 31s
Logical resource usage: 4.0/16 CPUs, 0.5/2 GPUs (0.0/1.0 accelerator_type:A100)
Current best trial: 19724568 with loss=41515972061.99993 and params={'learning_rate': 0.0009764757359774002, 'batch_size': 128, 'hidden_dim': 256, 'num_layers': 3, 'dropout': 0.20591111311538035, 'model_type': 'gat'}
╭────────────────────────────────────────────────────────────────────────────────────────────────────────────────────────────────────────────────────────────────────────────────────────────────────────────╮
│ Trial name                   status       learning_rate     batch_size     hidden_dim     num_layers     dropout   model_type       iter     total time (s)         loss     train_loss     rmse       mae │
├────────────────────────────────────────────────────────────────────────────────────────────────────────────────────────────────────────────────────────────────────────────────────────────────────────────┤
│ train_with_params_19724568   RUNNING        0.000976476            128            256              3    0.205911   gat                 2            1090.46   4.1516e+10    2.71044e+11   203755   2704.43 │
╰────────────────────────────────────────────────────────────────────────────────────────────────────────────────────────────────────────────────────────────────────────────────────────────────────────────╯
Trial status: 1 RUNNING
Current time: 2025-04-21 23:07:55. Total running time: 20min 1s
Logical resource usage: 4.0/16 CPUs, 0.5/2 GPUs (0.0/1.0 accelerator_type:A100)
Current best trial: 19724568 with loss=41515972061.99993 and params={'learning_rate': 0.0009764757359774002, 'batch_size': 128, 'hidden_dim': 256, 'num_layers': 3, 'dropout': 0.20591111311538035, 'model_type': 'gat'}
╭────────────────────────────────────────────────────────────────────────────────────────────────────────────────────────────────────────────────────────────────────────────────────────────────────────────╮
│ Trial name                   status       learning_rate     batch_size     hidden_dim     num_layers     dropout   model_type       iter     total time (s)         loss     train_loss     rmse       mae │
├────────────────────────────────────────────────────────────────────────────────────────────────────────────────────────────────────────────────────────────────────────────────────────────────────────────┤
│ train_with_params_19724568   RUNNING        0.000976476            128            256              3    0.205911   gat                 2            1090.46   4.1516e+10    2.71044e+11   203755   2704.43 │
╰────────────────────────────────────────────────────────────────────────────────────────────────────────────────────────────────────────────────────────────────────────────────────────────────────────────╯
Trial status: 1 RUNNING
Current time: 2025-04-21 23:08:25. Total running time: 20min 31s
Logical resource usage: 4.0/16 CPUs, 0.5/2 GPUs (0.0/1.0 accelerator_type:A100)
Current best trial: 19724568 with loss=41515972061.99993 and params={'learning_rate': 0.0009764757359774002, 'batch_size': 128, 'hidden_dim': 256, 'num_layers': 3, 'dropout': 0.20591111311538035, 'model_type': 'gat'}
╭────────────────────────────────────────────────────────────────────────────────────────────────────────────────────────────────────────────────────────────────────────────────────────────────────────────╮
│ Trial name                   status       learning_rate     batch_size     hidden_dim     num_layers     dropout   model_type       iter     total time (s)         loss     train_loss     rmse       mae │
├────────────────────────────────────────────────────────────────────────────────────────────────────────────────────────────────────────────────────────────────────────────────────────────────────────────┤
│ train_with_params_19724568   RUNNING        0.000976476            128            256              3    0.205911   gat                 2            1090.46   4.1516e+10    2.71044e+11   203755   2704.43 │
╰────────────────────────────────────────────────────────────────────────────────────────────────────────────────────────────────────────────────────────────────────────────────────────────────────────────╯
Trial status: 1 RUNNING
Current time: 2025-04-21 23:08:55. Total running time: 21min 1s
Logical resource usage: 4.0/16 CPUs, 0.5/2 GPUs (0.0/1.0 accelerator_type:A100)
Current best trial: 19724568 with loss=41515972061.99993 and params={'learning_rate': 0.0009764757359774002, 'batch_size': 128, 'hidden_dim': 256, 'num_layers': 3, 'dropout': 0.20591111311538035, 'model_type': 'gat'}
╭────────────────────────────────────────────────────────────────────────────────────────────────────────────────────────────────────────────────────────────────────────────────────────────────────────────╮
│ Trial name                   status       learning_rate     batch_size     hidden_dim     num_layers     dropout   model_type       iter     total time (s)         loss     train_loss     rmse       mae │
├────────────────────────────────────────────────────────────────────────────────────────────────────────────────────────────────────────────────────────────────────────────────────────────────────────────┤
│ train_with_params_19724568   RUNNING        0.000976476            128            256              3    0.205911   gat                 2            1090.46   4.1516e+10    2.71044e+11   203755   2704.43 │
╰────────────────────────────────────────────────────────────────────────────────────────────────────────────────────────────────────────────────────────────────────────────────────────────────────────────╯
Trial status: 1 RUNNING
Current time: 2025-04-21 23:09:25. Total running time: 21min 31s
Logical resource usage: 4.0/16 CPUs, 0.5/2 GPUs (0.0/1.0 accelerator_type:A100)
Current best trial: 19724568 with loss=41515972061.99993 and params={'learning_rate': 0.0009764757359774002, 'batch_size': 128, 'hidden_dim': 256, 'num_layers': 3, 'dropout': 0.20591111311538035, 'model_type': 'gat'}
╭────────────────────────────────────────────────────────────────────────────────────────────────────────────────────────────────────────────────────────────────────────────────────────────────────────────╮
│ Trial name                   status       learning_rate     batch_size     hidden_dim     num_layers     dropout   model_type       iter     total time (s)         loss     train_loss     rmse       mae │
├────────────────────────────────────────────────────────────────────────────────────────────────────────────────────────────────────────────────────────────────────────────────────────────────────────────┤
│ train_with_params_19724568   RUNNING        0.000976476            128            256              3    0.205911   gat                 2            1090.46   4.1516e+10    2.71044e+11   203755   2704.43 │
╰────────────────────────────────────────────────────────────────────────────────────────────────────────────────────────────────────────────────────────────────────────────────────────────────────────────╯
Trial status: 1 RUNNING
Current time: 2025-04-21 23:09:55. Total running time: 22min 1s
Logical resource usage: 4.0/16 CPUs, 0.5/2 GPUs (0.0/1.0 accelerator_type:A100)
Current best trial: 19724568 with loss=41515972061.99993 and params={'learning_rate': 0.0009764757359774002, 'batch_size': 128, 'hidden_dim': 256, 'num_layers': 3, 'dropout': 0.20591111311538035, 'model_type': 'gat'}
╭────────────────────────────────────────────────────────────────────────────────────────────────────────────────────────────────────────────────────────────────────────────────────────────────────────────╮
│ Trial name                   status       learning_rate     batch_size     hidden_dim     num_layers     dropout   model_type       iter     total time (s)         loss     train_loss     rmse       mae │
├────────────────────────────────────────────────────────────────────────────────────────────────────────────────────────────────────────────────────────────────────────────────────────────────────────────┤
│ train_with_params_19724568   RUNNING        0.000976476            128            256              3    0.205911   gat                 2            1090.46   4.1516e+10    2.71044e+11   203755   2704.43 │
╰────────────────────────────────────────────────────────────────────────────────────────────────────────────────────────────────────────────────────────────────────────────────────────────────────────────╯
Trial status: 1 RUNNING
Current time: 2025-04-21 23:10:25. Total running time: 22min 31s
Logical resource usage: 4.0/16 CPUs, 0.5/2 GPUs (0.0/1.0 accelerator_type:A100)
Current best trial: 19724568 with loss=41515972061.99993 and params={'learning_rate': 0.0009764757359774002, 'batch_size': 128, 'hidden_dim': 256, 'num_layers': 3, 'dropout': 0.20591111311538035, 'model_type': 'gat'}
╭────────────────────────────────────────────────────────────────────────────────────────────────────────────────────────────────────────────────────────────────────────────────────────────────────────────╮
│ Trial name                   status       learning_rate     batch_size     hidden_dim     num_layers     dropout   model_type       iter     total time (s)         loss     train_loss     rmse       mae │
├────────────────────────────────────────────────────────────────────────────────────────────────────────────────────────────────────────────────────────────────────────────────────────────────────────────┤
│ train_with_params_19724568   RUNNING        0.000976476            128            256              3    0.205911   gat                 2            1090.46   4.1516e+10    2.71044e+11   203755   2704.43 │
╰────────────────────────────────────────────────────────────────────────────────────────────────────────────────────────────────────────────────────────────────────────────────────────────────────────────╯
Trial status: 1 RUNNING
Current time: 2025-04-21 23:10:55. Total running time: 23min 1s
Logical resource usage: 4.0/16 CPUs, 0.5/2 GPUs (0.0/1.0 accelerator_type:A100)
Current best trial: 19724568 with loss=41515972061.99993 and params={'learning_rate': 0.0009764757359774002, 'batch_size': 128, 'hidden_dim': 256, 'num_layers': 3, 'dropout': 0.20591111311538035, 'model_type': 'gat'}
╭────────────────────────────────────────────────────────────────────────────────────────────────────────────────────────────────────────────────────────────────────────────────────────────────────────────╮
│ Trial name                   status       learning_rate     batch_size     hidden_dim     num_layers     dropout   model_type       iter     total time (s)         loss     train_loss     rmse       mae │
├────────────────────────────────────────────────────────────────────────────────────────────────────────────────────────────────────────────────────────────────────────────────────────────────────────────┤
│ train_with_params_19724568   RUNNING        0.000976476            128            256              3    0.205911   gat                 2            1090.46   4.1516e+10    2.71044e+11   203755   2704.43 │
╰────────────────────────────────────────────────────────────────────────────────────────────────────────────────────────────────────────────────────────────────────────────────────────────────────────────╯
Trial status: 1 RUNNING
Current time: 2025-04-21 23:11:25. Total running time: 23min 31s
Logical resource usage: 4.0/16 CPUs, 0.5/2 GPUs (0.0/1.0 accelerator_type:A100)
Current best trial: 19724568 with loss=41515972061.99993 and params={'learning_rate': 0.0009764757359774002, 'batch_size': 128, 'hidden_dim': 256, 'num_layers': 3, 'dropout': 0.20591111311538035, 'model_type': 'gat'}
╭────────────────────────────────────────────────────────────────────────────────────────────────────────────────────────────────────────────────────────────────────────────────────────────────────────────╮
│ Trial name                   status       learning_rate     batch_size     hidden_dim     num_layers     dropout   model_type       iter     total time (s)         loss     train_loss     rmse       mae │
├────────────────────────────────────────────────────────────────────────────────────────────────────────────────────────────────────────────────────────────────────────────────────────────────────────────┤
│ train_with_params_19724568   RUNNING        0.000976476            128            256              3    0.205911   gat                 2            1090.46   4.1516e+10    2.71044e+11   203755   2704.43 │
╰────────────────────────────────────────────────────────────────────────────────────────────────────────────────────────────────────────────────────────────────────────────────────────────────────────────╯
Trial status: 1 RUNNING
Current time: 2025-04-21 23:11:55. Total running time: 24min 1s
Logical resource usage: 4.0/16 CPUs, 0.5/2 GPUs (0.0/1.0 accelerator_type:A100)
Current best trial: 19724568 with loss=41515972061.99993 and params={'learning_rate': 0.0009764757359774002, 'batch_size': 128, 'hidden_dim': 256, 'num_layers': 3, 'dropout': 0.20591111311538035, 'model_type': 'gat'}
╭────────────────────────────────────────────────────────────────────────────────────────────────────────────────────────────────────────────────────────────────────────────────────────────────────────────╮
│ Trial name                   status       learning_rate     batch_size     hidden_dim     num_layers     dropout   model_type       iter     total time (s)         loss     train_loss     rmse       mae │
├────────────────────────────────────────────────────────────────────────────────────────────────────────────────────────────────────────────────────────────────────────────────────────────────────────────┤
│ train_with_params_19724568   RUNNING        0.000976476            128            256              3    0.205911   gat                 2            1090.46   4.1516e+10    2.71044e+11   203755   2704.43 │
╰────────────────────────────────────────────────────────────────────────────────────────────────────────────────────────────────────────────────────────────────────────────────────────────────────────────╯
Trial status: 1 RUNNING
Current time: 2025-04-21 23:12:26. Total running time: 24min 31s
Logical resource usage: 4.0/16 CPUs, 0.5/2 GPUs (0.0/1.0 accelerator_type:A100)
Current best trial: 19724568 with loss=41515972061.99993 and params={'learning_rate': 0.0009764757359774002, 'batch_size': 128, 'hidden_dim': 256, 'num_layers': 3, 'dropout': 0.20591111311538035, 'model_type': 'gat'}
╭────────────────────────────────────────────────────────────────────────────────────────────────────────────────────────────────────────────────────────────────────────────────────────────────────────────╮
│ Trial name                   status       learning_rate     batch_size     hidden_dim     num_layers     dropout   model_type       iter     total time (s)         loss     train_loss     rmse       mae │
├────────────────────────────────────────────────────────────────────────────────────────────────────────────────────────────────────────────────────────────────────────────────────────────────────────────┤
│ train_with_params_19724568   RUNNING        0.000976476            128            256              3    0.205911   gat                 2            1090.46   4.1516e+10    2.71044e+11   203755   2704.43 │
╰────────────────────────────────────────────────────────────────────────────────────────────────────────────────────────────────────────────────────────────────────────────────────────────────────────────╯
Trial status: 1 RUNNING
Current time: 2025-04-21 23:12:56. Total running time: 25min 1s
Logical resource usage: 4.0/16 CPUs, 0.5/2 GPUs (0.0/1.0 accelerator_type:A100)
Current best trial: 19724568 with loss=41515972061.99993 and params={'learning_rate': 0.0009764757359774002, 'batch_size': 128, 'hidden_dim': 256, 'num_layers': 3, 'dropout': 0.20591111311538035, 'model_type': 'gat'}
╭────────────────────────────────────────────────────────────────────────────────────────────────────────────────────────────────────────────────────────────────────────────────────────────────────────────╮
│ Trial name                   status       learning_rate     batch_size     hidden_dim     num_layers     dropout   model_type       iter     total time (s)         loss     train_loss     rmse       mae │
├────────────────────────────────────────────────────────────────────────────────────────────────────────────────────────────────────────────────────────────────────────────────────────────────────────────┤
│ train_with_params_19724568   RUNNING        0.000976476            128            256              3    0.205911   gat                 2            1090.46   4.1516e+10    2.71044e+11   203755   2704.43 │
╰────────────────────────────────────────────────────────────────────────────────────────────────────────────────────────────────────────────────────────────────────────────────────────────────────────────╯
Trial status: 1 RUNNING
Current time: 2025-04-21 23:13:26. Total running time: 25min 31s
Logical resource usage: 4.0/16 CPUs, 0.5/2 GPUs (0.0/1.0 accelerator_type:A100)
Current best trial: 19724568 with loss=41515972061.99993 and params={'learning_rate': 0.0009764757359774002, 'batch_size': 128, 'hidden_dim': 256, 'num_layers': 3, 'dropout': 0.20591111311538035, 'model_type': 'gat'}
╭────────────────────────────────────────────────────────────────────────────────────────────────────────────────────────────────────────────────────────────────────────────────────────────────────────────╮
│ Trial name                   status       learning_rate     batch_size     hidden_dim     num_layers     dropout   model_type       iter     total time (s)         loss     train_loss     rmse       mae │
├────────────────────────────────────────────────────────────────────────────────────────────────────────────────────────────────────────────────────────────────────────────────────────────────────────────┤
│ train_with_params_19724568   RUNNING        0.000976476            128            256              3    0.205911   gat                 2            1090.46   4.1516e+10    2.71044e+11   203755   2704.43 │
╰────────────────────────────────────────────────────────────────────────────────────────────────────────────────────────────────────────────────────────────────────────────────────────────────────────────╯

Trial train_with_params_19724568 finished iteration 3 at 2025-04-21 23:13:51. Total running time: 25min 57s
╭──────────────────────────────────────────────────────────╮
│ Trial train_with_params_19724568 result                  │
├──────────────────────────────────────────────────────────┤
│ checkpoint_dir_name                                      │
│ time_this_iter_s                                 460.688 │
│ time_total_s                                     1551.15 │
│ training_iteration                                     3 │
│ epoch                                                  2 │
│ loss                                         8.33349e+10 │
│ mae                                              3765.49 │
│ r2                                          -8.78223e+10 │
│ rmse                                              288678 │
│ train_loss                                   3.93654e+11 │
╰──────────────────────────────────────────────────────────╯

Trial status: 1 RUNNING
Current time: 2025-04-21 23:13:56. Total running time: 26min 1s
Logical resource usage: 4.0/16 CPUs, 0.5/2 GPUs (0.0/1.0 accelerator_type:A100)
Current best trial: 19724568 with loss=83334880218.74245 and params={'learning_rate': 0.0009764757359774002, 'batch_size': 128, 'hidden_dim': 256, 'num_layers': 3, 'dropout': 0.20591111311538035, 'model_type': 'gat'}
╭─────────────────────────────────────────────────────────────────────────────────────────────────────────────────────────────────────────────────────────────────────────────────────────────────────────────╮
│ Trial name                   status       learning_rate     batch_size     hidden_dim     num_layers     dropout   model_type       iter     total time (s)          loss     train_loss     rmse       mae │
├─────────────────────────────────────────────────────────────────────────────────────────────────────────────────────────────────────────────────────────────────────────────────────────────────────────────┤
│ train_with_params_19724568   RUNNING        0.000976476            128            256              3    0.205911   gat                 3            1551.15   8.33349e+10    3.93654e+11   288678   3765.49 │
╰─────────────────────────────────────────────────────────────────────────────────────────────────────────────────────────────────────────────────────────────────────────────────────────────────────────────╯
Trial status: 1 RUNNING
Current time: 2025-04-21 23:14:26. Total running time: 26min 31s
Logical resource usage: 4.0/16 CPUs, 0.5/2 GPUs (0.0/1.0 accelerator_type:A100)
Current best trial: 19724568 with loss=83334880218.74245 and params={'learning_rate': 0.0009764757359774002, 'batch_size': 128, 'hidden_dim': 256, 'num_layers': 3, 'dropout': 0.20591111311538035, 'model_type': 'gat'}
╭─────────────────────────────────────────────────────────────────────────────────────────────────────────────────────────────────────────────────────────────────────────────────────────────────────────────╮
│ Trial name                   status       learning_rate     batch_size     hidden_dim     num_layers     dropout   model_type       iter     total time (s)          loss     train_loss     rmse       mae │
├─────────────────────────────────────────────────────────────────────────────────────────────────────────────────────────────────────────────────────────────────────────────────────────────────────────────┤
│ train_with_params_19724568   RUNNING        0.000976476            128            256              3    0.205911   gat                 3            1551.15   8.33349e+10    3.93654e+11   288678   3765.49 │
╰─────────────────────────────────────────────────────────────────────────────────────────────────────────────────────────────────────────────────────────────────────────────────────────────────────────────╯
Trial status: 1 RUNNING
Current time: 2025-04-21 23:14:56. Total running time: 27min 1s
Logical resource usage: 4.0/16 CPUs, 0.5/2 GPUs (0.0/1.0 accelerator_type:A100)
Current best trial: 19724568 with loss=83334880218.74245 and params={'learning_rate': 0.0009764757359774002, 'batch_size': 128, 'hidden_dim': 256, 'num_layers': 3, 'dropout': 0.20591111311538035, 'model_type': 'gat'}
╭─────────────────────────────────────────────────────────────────────────────────────────────────────────────────────────────────────────────────────────────────────────────────────────────────────────────╮
│ Trial name                   status       learning_rate     batch_size     hidden_dim     num_layers     dropout   model_type       iter     total time (s)          loss     train_loss     rmse       mae │
├─────────────────────────────────────────────────────────────────────────────────────────────────────────────────────────────────────────────────────────────────────────────────────────────────────────────┤
│ train_with_params_19724568   RUNNING        0.000976476            128            256              3    0.205911   gat                 3            1551.15   8.33349e+10    3.93654e+11   288678   3765.49 │
╰─────────────────────────────────────────────────────────────────────────────────────────────────────────────────────────────────────────────────────────────────────────────────────────────────────────────╯
Trial status: 1 RUNNING
Current time: 2025-04-21 23:15:26. Total running time: 27min 31s
Logical resource usage: 4.0/16 CPUs, 0.5/2 GPUs (0.0/1.0 accelerator_type:A100)
Current best trial: 19724568 with loss=83334880218.74245 and params={'learning_rate': 0.0009764757359774002, 'batch_size': 128, 'hidden_dim': 256, 'num_layers': 3, 'dropout': 0.20591111311538035, 'model_type': 'gat'}
╭─────────────────────────────────────────────────────────────────────────────────────────────────────────────────────────────────────────────────────────────────────────────────────────────────────────────╮
│ Trial name                   status       learning_rate     batch_size     hidden_dim     num_layers     dropout   model_type       iter     total time (s)          loss     train_loss     rmse       mae │
├─────────────────────────────────────────────────────────────────────────────────────────────────────────────────────────────────────────────────────────────────────────────────────────────────────────────┤
│ train_with_params_19724568   RUNNING        0.000976476            128            256              3    0.205911   gat                 3            1551.15   8.33349e+10    3.93654e+11   288678   3765.49 │
╰─────────────────────────────────────────────────────────────────────────────────────────────────────────────────────────────────────────────────────────────────────────────────────────────────────────────╯
Trial status: 1 RUNNING
Current time: 2025-04-21 23:15:56. Total running time: 28min 1s
Logical resource usage: 4.0/16 CPUs, 0.5/2 GPUs (0.0/1.0 accelerator_type:A100)
Current best trial: 19724568 with loss=83334880218.74245 and params={'learning_rate': 0.0009764757359774002, 'batch_size': 128, 'hidden_dim': 256, 'num_layers': 3, 'dropout': 0.20591111311538035, 'model_type': 'gat'}
╭─────────────────────────────────────────────────────────────────────────────────────────────────────────────────────────────────────────────────────────────────────────────────────────────────────────────╮
│ Trial name                   status       learning_rate     batch_size     hidden_dim     num_layers     dropout   model_type       iter     total time (s)          loss     train_loss     rmse       mae │
├─────────────────────────────────────────────────────────────────────────────────────────────────────────────────────────────────────────────────────────────────────────────────────────────────────────────┤
│ train_with_params_19724568   RUNNING        0.000976476            128            256              3    0.205911   gat                 3            1551.15   8.33349e+10    3.93654e+11   288678   3765.49 │
╰─────────────────────────────────────────────────────────────────────────────────────────────────────────────────────────────────────────────────────────────────────────────────────────────────────────────╯
Trial status: 1 RUNNING
Current time: 2025-04-21 23:16:26. Total running time: 28min 32s
Logical resource usage: 4.0/16 CPUs, 0.5/2 GPUs (0.0/1.0 accelerator_type:A100)
Current best trial: 19724568 with loss=83334880218.74245 and params={'learning_rate': 0.0009764757359774002, 'batch_size': 128, 'hidden_dim': 256, 'num_layers': 3, 'dropout': 0.20591111311538035, 'model_type': 'gat'}
╭─────────────────────────────────────────────────────────────────────────────────────────────────────────────────────────────────────────────────────────────────────────────────────────────────────────────╮
│ Trial name                   status       learning_rate     batch_size     hidden_dim     num_layers     dropout   model_type       iter     total time (s)          loss     train_loss     rmse       mae │
├─────────────────────────────────────────────────────────────────────────────────────────────────────────────────────────────────────────────────────────────────────────────────────────────────────────────┤
│ train_with_params_19724568   RUNNING        0.000976476            128            256              3    0.205911   gat                 3            1551.15   8.33349e+10    3.93654e+11   288678   3765.49 │
╰─────────────────────────────────────────────────────────────────────────────────────────────────────────────────────────────────────────────────────────────────────────────────────────────────────────────╯
Trial status: 1 RUNNING
Current time: 2025-04-21 23:16:56. Total running time: 29min 2s
Logical resource usage: 4.0/16 CPUs, 0.5/2 GPUs (0.0/1.0 accelerator_type:A100)
Current best trial: 19724568 with loss=83334880218.74245 and params={'learning_rate': 0.0009764757359774002, 'batch_size': 128, 'hidden_dim': 256, 'num_layers': 3, 'dropout': 0.20591111311538035, 'model_type': 'gat'}
╭─────────────────────────────────────────────────────────────────────────────────────────────────────────────────────────────────────────────────────────────────────────────────────────────────────────────╮
│ Trial name                   status       learning_rate     batch_size     hidden_dim     num_layers     dropout   model_type       iter     total time (s)          loss     train_loss     rmse       mae │
├─────────────────────────────────────────────────────────────────────────────────────────────────────────────────────────────────────────────────────────────────────────────────────────────────────────────┤
│ train_with_params_19724568   RUNNING        0.000976476            128            256              3    0.205911   gat                 3            1551.15   8.33349e+10    3.93654e+11   288678   3765.49 │
╰─────────────────────────────────────────────────────────────────────────────────────────────────────────────────────────────────────────────────────────────────────────────────────────────────────────────╯
Trial status: 1 RUNNING
Current time: 2025-04-21 23:17:26. Total running time: 29min 32s
Logical resource usage: 4.0/16 CPUs, 0.5/2 GPUs (0.0/1.0 accelerator_type:A100)
Current best trial: 19724568 with loss=83334880218.74245 and params={'learning_rate': 0.0009764757359774002, 'batch_size': 128, 'hidden_dim': 256, 'num_layers': 3, 'dropout': 0.20591111311538035, 'model_type': 'gat'}
╭─────────────────────────────────────────────────────────────────────────────────────────────────────────────────────────────────────────────────────────────────────────────────────────────────────────────╮
│ Trial name                   status       learning_rate     batch_size     hidden_dim     num_layers     dropout   model_type       iter     total time (s)          loss     train_loss     rmse       mae │
├─────────────────────────────────────────────────────────────────────────────────────────────────────────────────────────────────────────────────────────────────────────────────────────────────────────────┤
│ train_with_params_19724568   RUNNING        0.000976476            128            256              3    0.205911   gat                 3            1551.15   8.33349e+10    3.93654e+11   288678   3765.49 │
╰─────────────────────────────────────────────────────────────────────────────────────────────────────────────────────────────────────────────────────────────────────────────────────────────────────────────╯
Trial status: 1 RUNNING
Current time: 2025-04-21 23:17:56. Total running time: 30min 2s
Logical resource usage: 4.0/16 CPUs, 0.5/2 GPUs (0.0/1.0 accelerator_type:A100)
Current best trial: 19724568 with loss=83334880218.74245 and params={'learning_rate': 0.0009764757359774002, 'batch_size': 128, 'hidden_dim': 256, 'num_layers': 3, 'dropout': 0.20591111311538035, 'model_type': 'gat'}
╭─────────────────────────────────────────────────────────────────────────────────────────────────────────────────────────────────────────────────────────────────────────────────────────────────────────────╮
│ Trial name                   status       learning_rate     batch_size     hidden_dim     num_layers     dropout   model_type       iter     total time (s)          loss     train_loss     rmse       mae │
├─────────────────────────────────────────────────────────────────────────────────────────────────────────────────────────────────────────────────────────────────────────────────────────────────────────────┤
│ train_with_params_19724568   RUNNING        0.000976476            128            256              3    0.205911   gat                 3            1551.15   8.33349e+10    3.93654e+11   288678   3765.49 │
╰─────────────────────────────────────────────────────────────────────────────────────────────────────────────────────────────────────────────────────────────────────────────────────────────────────────────╯
Trial status: 1 RUNNING
Current time: 2025-04-21 23:18:26. Total running time: 30min 32s
Logical resource usage: 4.0/16 CPUs, 0.5/2 GPUs (0.0/1.0 accelerator_type:A100)
Current best trial: 19724568 with loss=83334880218.74245 and params={'learning_rate': 0.0009764757359774002, 'batch_size': 128, 'hidden_dim': 256, 'num_layers': 3, 'dropout': 0.20591111311538035, 'model_type': 'gat'}
╭─────────────────────────────────────────────────────────────────────────────────────────────────────────────────────────────────────────────────────────────────────────────────────────────────────────────╮
│ Trial name                   status       learning_rate     batch_size     hidden_dim     num_layers     dropout   model_type       iter     total time (s)          loss     train_loss     rmse       mae │
├─────────────────────────────────────────────────────────────────────────────────────────────────────────────────────────────────────────────────────────────────────────────────────────────────────────────┤
│ train_with_params_19724568   RUNNING        0.000976476            128            256              3    0.205911   gat                 3            1551.15   8.33349e+10    3.93654e+11   288678   3765.49 │
╰─────────────────────────────────────────────────────────────────────────────────────────────────────────────────────────────────────────────────────────────────────────────────────────────────────────────╯
Trial status: 1 RUNNING
Current time: 2025-04-21 23:18:56. Total running time: 31min 2s
Logical resource usage: 4.0/16 CPUs, 0.5/2 GPUs (0.0/1.0 accelerator_type:A100)
Current best trial: 19724568 with loss=83334880218.74245 and params={'learning_rate': 0.0009764757359774002, 'batch_size': 128, 'hidden_dim': 256, 'num_layers': 3, 'dropout': 0.20591111311538035, 'model_type': 'gat'}
╭─────────────────────────────────────────────────────────────────────────────────────────────────────────────────────────────────────────────────────────────────────────────────────────────────────────────╮
│ Trial name                   status       learning_rate     batch_size     hidden_dim     num_layers     dropout   model_type       iter     total time (s)          loss     train_loss     rmse       mae │
├─────────────────────────────────────────────────────────────────────────────────────────────────────────────────────────────────────────────────────────────────────────────────────────────────────────────┤
│ train_with_params_19724568   RUNNING        0.000976476            128            256              3    0.205911   gat                 3            1551.15   8.33349e+10    3.93654e+11   288678   3765.49 │
╰─────────────────────────────────────────────────────────────────────────────────────────────────────────────────────────────────────────────────────────────────────────────────────────────────────────────╯
Trial status: 1 RUNNING
Current time: 2025-04-21 23:19:26. Total running time: 31min 32s
Logical resource usage: 4.0/16 CPUs, 0.5/2 GPUs (0.0/1.0 accelerator_type:A100)
Current best trial: 19724568 with loss=83334880218.74245 and params={'learning_rate': 0.0009764757359774002, 'batch_size': 128, 'hidden_dim': 256, 'num_layers': 3, 'dropout': 0.20591111311538035, 'model_type': 'gat'}
╭─────────────────────────────────────────────────────────────────────────────────────────────────────────────────────────────────────────────────────────────────────────────────────────────────────────────╮
│ Trial name                   status       learning_rate     batch_size     hidden_dim     num_layers     dropout   model_type       iter     total time (s)          loss     train_loss     rmse       mae │
├─────────────────────────────────────────────────────────────────────────────────────────────────────────────────────────────────────────────────────────────────────────────────────────────────────────────┤
│ train_with_params_19724568   RUNNING        0.000976476            128            256              3    0.205911   gat                 3            1551.15   8.33349e+10    3.93654e+11   288678   3765.49 │
╰─────────────────────────────────────────────────────────────────────────────────────────────────────────────────────────────────────────────────────────────────────────────────────────────────────────────╯
Trial status: 1 RUNNING
Current time: 2025-04-21 23:19:56. Total running time: 32min 2s
Logical resource usage: 4.0/16 CPUs, 0.5/2 GPUs (0.0/1.0 accelerator_type:A100)
Current best trial: 19724568 with loss=83334880218.74245 and params={'learning_rate': 0.0009764757359774002, 'batch_size': 128, 'hidden_dim': 256, 'num_layers': 3, 'dropout': 0.20591111311538035, 'model_type': 'gat'}
╭─────────────────────────────────────────────────────────────────────────────────────────────────────────────────────────────────────────────────────────────────────────────────────────────────────────────╮
│ Trial name                   status       learning_rate     batch_size     hidden_dim     num_layers     dropout   model_type       iter     total time (s)          loss     train_loss     rmse       mae │
├─────────────────────────────────────────────────────────────────────────────────────────────────────────────────────────────────────────────────────────────────────────────────────────────────────────────┤
│ train_with_params_19724568   RUNNING        0.000976476            128            256              3    0.205911   gat                 3            1551.15   8.33349e+10    3.93654e+11   288678   3765.49 │
╰─────────────────────────────────────────────────────────────────────────────────────────────────────────────────────────────────────────────────────────────────────────────────────────────────────────────╯
Trial status: 1 RUNNING
Current time: 2025-04-21 23:20:26. Total running time: 32min 32s
Logical resource usage: 4.0/16 CPUs, 0.5/2 GPUs (0.0/1.0 accelerator_type:A100)
Current best trial: 19724568 with loss=83334880218.74245 and params={'learning_rate': 0.0009764757359774002, 'batch_size': 128, 'hidden_dim': 256, 'num_layers': 3, 'dropout': 0.20591111311538035, 'model_type': 'gat'}
╭─────────────────────────────────────────────────────────────────────────────────────────────────────────────────────────────────────────────────────────────────────────────────────────────────────────────╮
│ Trial name                   status       learning_rate     batch_size     hidden_dim     num_layers     dropout   model_type       iter     total time (s)          loss     train_loss     rmse       mae │
├─────────────────────────────────────────────────────────────────────────────────────────────────────────────────────────────────────────────────────────────────────────────────────────────────────────────┤
│ train_with_params_19724568   RUNNING        0.000976476            128            256              3    0.205911   gat                 3            1551.15   8.33349e+10    3.93654e+11   288678   3765.49 │
╰─────────────────────────────────────────────────────────────────────────────────────────────────────────────────────────────────────────────────────────────────────────────────────────────────────────────╯
Trial status: 1 RUNNING
Current time: 2025-04-21 23:20:56. Total running time: 33min 2s
Logical resource usage: 4.0/16 CPUs, 0.5/2 GPUs (0.0/1.0 accelerator_type:A100)
Current best trial: 19724568 with loss=83334880218.74245 and params={'learning_rate': 0.0009764757359774002, 'batch_size': 128, 'hidden_dim': 256, 'num_layers': 3, 'dropout': 0.20591111311538035, 'model_type': 'gat'}
╭─────────────────────────────────────────────────────────────────────────────────────────────────────────────────────────────────────────────────────────────────────────────────────────────────────────────╮
│ Trial name                   status       learning_rate     batch_size     hidden_dim     num_layers     dropout   model_type       iter     total time (s)          loss     train_loss     rmse       mae │
├─────────────────────────────────────────────────────────────────────────────────────────────────────────────────────────────────────────────────────────────────────────────────────────────────────────────┤
│ train_with_params_19724568   RUNNING        0.000976476            128            256              3    0.205911   gat                 3            1551.15   8.33349e+10    3.93654e+11   288678   3765.49 │
╰─────────────────────────────────────────────────────────────────────────────────────────────────────────────────────────────────────────────────────────────────────────────────────────────────────────────╯
Trial status: 1 RUNNING
Current time: 2025-04-21 23:21:26. Total running time: 33min 32s
Logical resource usage: 4.0/16 CPUs, 0.5/2 GPUs (0.0/1.0 accelerator_type:A100)
Current best trial: 19724568 with loss=83334880218.74245 and params={'learning_rate': 0.0009764757359774002, 'batch_size': 128, 'hidden_dim': 256, 'num_layers': 3, 'dropout': 0.20591111311538035, 'model_type': 'gat'}
╭─────────────────────────────────────────────────────────────────────────────────────────────────────────────────────────────────────────────────────────────────────────────────────────────────────────────╮
│ Trial name                   status       learning_rate     batch_size     hidden_dim     num_layers     dropout   model_type       iter     total time (s)          loss     train_loss     rmse       mae │
├─────────────────────────────────────────────────────────────────────────────────────────────────────────────────────────────────────────────────────────────────────────────────────────────────────────────┤
│ train_with_params_19724568   RUNNING        0.000976476            128            256              3    0.205911   gat                 3            1551.15   8.33349e+10    3.93654e+11   288678   3765.49 │
╰─────────────────────────────────────────────────────────────────────────────────────────────────────────────────────────────────────────────────────────────────────────────────────────────────────────────╯

Trial train_with_params_19724568 finished iteration 4 at 2025-04-21 23:21:34. Total running time: 33min 39s
╭──────────────────────────────────────────────────────────╮
│ Trial train_with_params_19724568 result                  │
├──────────────────────────────────────────────────────────┤
│ checkpoint_dir_name                                      │
│ time_this_iter_s                                 462.514 │
│ time_total_s                                     2013.66 │
│ training_iteration                                     4 │
│ epoch                                                  3 │
│ loss                                         8.78753e+11 │
│ mae                                              12586.7 │
│ r2                                          -9.26072e+11 │
│ rmse                                              937418 │
│ train_loss                                   4.76433e+12 │
╰──────────────────────────────────────────────────────────╯

Trial status: 1 RUNNING
Current time: 2025-04-21 23:21:56. Total running time: 34min 2s
Logical resource usage: 4.0/16 CPUs, 0.5/2 GPUs (0.0/1.0 accelerator_type:A100)
Current best trial: 19724568 with loss=878753253325.7504 and params={'learning_rate': 0.0009764757359774002, 'batch_size': 128, 'hidden_dim': 256, 'num_layers': 3, 'dropout': 0.20591111311538035, 'model_type': 'gat'}
╭─────────────────────────────────────────────────────────────────────────────────────────────────────────────────────────────────────────────────────────────────────────────────────────────────────────────╮
│ Trial name                   status       learning_rate     batch_size     hidden_dim     num_layers     dropout   model_type       iter     total time (s)          loss     train_loss     rmse       mae │
├─────────────────────────────────────────────────────────────────────────────────────────────────────────────────────────────────────────────────────────────────────────────────────────────────────────────┤
│ train_with_params_19724568   RUNNING        0.000976476            128            256              3    0.205911   gat                 4            2013.66   8.78753e+11    4.76433e+12   937418   12586.7 │
╰─────────────────────────────────────────────────────────────────────────────────────────────────────────────────────────────────────────────────────────────────────────────────────────────────────────────╯
Trial status: 1 RUNNING
Current time: 2025-04-21 23:22:26. Total running time: 34min 32s
Logical resource usage: 4.0/16 CPUs, 0.5/2 GPUs (0.0/1.0 accelerator_type:A100)
Current best trial: 19724568 with loss=878753253325.7504 and params={'learning_rate': 0.0009764757359774002, 'batch_size': 128, 'hidden_dim': 256, 'num_layers': 3, 'dropout': 0.20591111311538035, 'model_type': 'gat'}
╭─────────────────────────────────────────────────────────────────────────────────────────────────────────────────────────────────────────────────────────────────────────────────────────────────────────────╮
│ Trial name                   status       learning_rate     batch_size     hidden_dim     num_layers     dropout   model_type       iter     total time (s)          loss     train_loss     rmse       mae │
├─────────────────────────────────────────────────────────────────────────────────────────────────────────────────────────────────────────────────────────────────────────────────────────────────────────────┤
│ train_with_params_19724568   RUNNING        0.000976476            128            256              3    0.205911   gat                 4            2013.66   8.78753e+11    4.76433e+12   937418   12586.7 │
╰─────────────────────────────────────────────────────────────────────────────────────────────────────────────────────────────────────────────────────────────────────────────────────────────────────────────╯
Trial status: 1 RUNNING
Current time: 2025-04-21 23:22:56. Total running time: 35min 2s
Logical resource usage: 4.0/16 CPUs, 0.5/2 GPUs (0.0/1.0 accelerator_type:A100)
Current best trial: 19724568 with loss=878753253325.7504 and params={'learning_rate': 0.0009764757359774002, 'batch_size': 128, 'hidden_dim': 256, 'num_layers': 3, 'dropout': 0.20591111311538035, 'model_type': 'gat'}
╭─────────────────────────────────────────────────────────────────────────────────────────────────────────────────────────────────────────────────────────────────────────────────────────────────────────────╮
│ Trial name                   status       learning_rate     batch_size     hidden_dim     num_layers     dropout   model_type       iter     total time (s)          loss     train_loss     rmse       mae │
├─────────────────────────────────────────────────────────────────────────────────────────────────────────────────────────────────────────────────────────────────────────────────────────────────────────────┤
│ train_with_params_19724568   RUNNING        0.000976476            128            256              3    0.205911   gat                 4            2013.66   8.78753e+11    4.76433e+12   937418   12586.7 │
╰─────────────────────────────────────────────────────────────────────────────────────────────────────────────────────────────────────────────────────────────────────────────────────────────────────────────╯
Trial status: 1 RUNNING
Current time: 2025-04-21 23:23:26. Total running time: 35min 32s
Logical resource usage: 4.0/16 CPUs, 0.5/2 GPUs (0.0/1.0 accelerator_type:A100)
Current best trial: 19724568 with loss=878753253325.7504 and params={'learning_rate': 0.0009764757359774002, 'batch_size': 128, 'hidden_dim': 256, 'num_layers': 3, 'dropout': 0.20591111311538035, 'model_type': 'gat'}
╭─────────────────────────────────────────────────────────────────────────────────────────────────────────────────────────────────────────────────────────────────────────────────────────────────────────────╮
│ Trial name                   status       learning_rate     batch_size     hidden_dim     num_layers     dropout   model_type       iter     total time (s)          loss     train_loss     rmse       mae │
├─────────────────────────────────────────────────────────────────────────────────────────────────────────────────────────────────────────────────────────────────────────────────────────────────────────────┤
│ train_with_params_19724568   RUNNING        0.000976476            128            256              3    0.205911   gat                 4            2013.66   8.78753e+11    4.76433e+12   937418   12586.7 │
╰─────────────────────────────────────────────────────────────────────────────────────────────────────────────────────────────────────────────────────────────────────────────────────────────────────────────╯
Trial status: 1 RUNNING
Current time: 2025-04-21 23:23:56. Total running time: 36min 2s
Logical resource usage: 4.0/16 CPUs, 0.5/2 GPUs (0.0/1.0 accelerator_type:A100)
Current best trial: 19724568 with loss=878753253325.7504 and params={'learning_rate': 0.0009764757359774002, 'batch_size': 128, 'hidden_dim': 256, 'num_layers': 3, 'dropout': 0.20591111311538035, 'model_type': 'gat'}
╭─────────────────────────────────────────────────────────────────────────────────────────────────────────────────────────────────────────────────────────────────────────────────────────────────────────────╮
│ Trial name                   status       learning_rate     batch_size     hidden_dim     num_layers     dropout   model_type       iter     total time (s)          loss     train_loss     rmse       mae │
├─────────────────────────────────────────────────────────────────────────────────────────────────────────────────────────────────────────────────────────────────────────────────────────────────────────────┤
│ train_with_params_19724568   RUNNING        0.000976476            128            256              3    0.205911   gat                 4            2013.66   8.78753e+11    4.76433e+12   937418   12586.7 │
╰─────────────────────────────────────────────────────────────────────────────────────────────────────────────────────────────────────────────────────────────────────────────────────────────────────────────╯
Trial status: 1 RUNNING
Current time: 2025-04-21 23:24:26. Total running time: 36min 32s
Logical resource usage: 4.0/16 CPUs, 0.5/2 GPUs (0.0/1.0 accelerator_type:A100)
Current best trial: 19724568 with loss=878753253325.7504 and params={'learning_rate': 0.0009764757359774002, 'batch_size': 128, 'hidden_dim': 256, 'num_layers': 3, 'dropout': 0.20591111311538035, 'model_type': 'gat'}
╭─────────────────────────────────────────────────────────────────────────────────────────────────────────────────────────────────────────────────────────────────────────────────────────────────────────────╮
│ Trial name                   status       learning_rate     batch_size     hidden_dim     num_layers     dropout   model_type       iter     total time (s)          loss     train_loss     rmse       mae │
├─────────────────────────────────────────────────────────────────────────────────────────────────────────────────────────────────────────────────────────────────────────────────────────────────────────────┤
│ train_with_params_19724568   RUNNING        0.000976476            128            256              3    0.205911   gat                 4            2013.66   8.78753e+11    4.76433e+12   937418   12586.7 │
╰─────────────────────────────────────────────────────────────────────────────────────────────────────────────────────────────────────────────────────────────────────────────────────────────────────────────╯
Trial status: 1 RUNNING
Current time: 2025-04-21 23:24:56. Total running time: 37min 2s
Logical resource usage: 4.0/16 CPUs, 0.5/2 GPUs (0.0/1.0 accelerator_type:A100)
Current best trial: 19724568 with loss=878753253325.7504 and params={'learning_rate': 0.0009764757359774002, 'batch_size': 128, 'hidden_dim': 256, 'num_layers': 3, 'dropout': 0.20591111311538035, 'model_type': 'gat'}
╭─────────────────────────────────────────────────────────────────────────────────────────────────────────────────────────────────────────────────────────────────────────────────────────────────────────────╮
│ Trial name                   status       learning_rate     batch_size     hidden_dim     num_layers     dropout   model_type       iter     total time (s)          loss     train_loss     rmse       mae │
├─────────────────────────────────────────────────────────────────────────────────────────────────────────────────────────────────────────────────────────────────────────────────────────────────────────────┤
│ train_with_params_19724568   RUNNING        0.000976476            128            256              3    0.205911   gat                 4            2013.66   8.78753e+11    4.76433e+12   937418   12586.7 │
╰─────────────────────────────────────────────────────────────────────────────────────────────────────────────────────────────────────────────────────────────────────────────────────────────────────────────╯
Trial status: 1 RUNNING
Current time: 2025-04-21 23:25:26. Total running time: 37min 32s
Logical resource usage: 4.0/16 CPUs, 0.5/2 GPUs (0.0/1.0 accelerator_type:A100)
Current best trial: 19724568 with loss=878753253325.7504 and params={'learning_rate': 0.0009764757359774002, 'batch_size': 128, 'hidden_dim': 256, 'num_layers': 3, 'dropout': 0.20591111311538035, 'model_type': 'gat'}
╭─────────────────────────────────────────────────────────────────────────────────────────────────────────────────────────────────────────────────────────────────────────────────────────────────────────────╮
│ Trial name                   status       learning_rate     batch_size     hidden_dim     num_layers     dropout   model_type       iter     total time (s)          loss     train_loss     rmse       mae │
├─────────────────────────────────────────────────────────────────────────────────────────────────────────────────────────────────────────────────────────────────────────────────────────────────────────────┤
│ train_with_params_19724568   RUNNING        0.000976476            128            256              3    0.205911   gat                 4            2013.66   8.78753e+11    4.76433e+12   937418   12586.7 │
╰─────────────────────────────────────────────────────────────────────────────────────────────────────────────────────────────────────────────────────────────────────────────────────────────────────────────╯
Trial status: 1 RUNNING
Current time: 2025-04-21 23:25:56. Total running time: 38min 2s
Logical resource usage: 4.0/16 CPUs, 0.5/2 GPUs (0.0/1.0 accelerator_type:A100)
Current best trial: 19724568 with loss=878753253325.7504 and params={'learning_rate': 0.0009764757359774002, 'batch_size': 128, 'hidden_dim': 256, 'num_layers': 3, 'dropout': 0.20591111311538035, 'model_type': 'gat'}
╭─────────────────────────────────────────────────────────────────────────────────────────────────────────────────────────────────────────────────────────────────────────────────────────────────────────────╮
│ Trial name                   status       learning_rate     batch_size     hidden_dim     num_layers     dropout   model_type       iter     total time (s)          loss     train_loss     rmse       mae │
├─────────────────────────────────────────────────────────────────────────────────────────────────────────────────────────────────────────────────────────────────────────────────────────────────────────────┤
│ train_with_params_19724568   RUNNING        0.000976476            128            256              3    0.205911   gat                 4            2013.66   8.78753e+11    4.76433e+12   937418   12586.7 │
╰─────────────────────────────────────────────────────────────────────────────────────────────────────────────────────────────────────────────────────────────────────────────────────────────────────────────╯
Trial status: 1 RUNNING
Current time: 2025-04-21 23:26:26. Total running time: 38min 32s
Logical resource usage: 4.0/16 CPUs, 0.5/2 GPUs (0.0/1.0 accelerator_type:A100)
Current best trial: 19724568 with loss=878753253325.7504 and params={'learning_rate': 0.0009764757359774002, 'batch_size': 128, 'hidden_dim': 256, 'num_layers': 3, 'dropout': 0.20591111311538035, 'model_type': 'gat'}
╭─────────────────────────────────────────────────────────────────────────────────────────────────────────────────────────────────────────────────────────────────────────────────────────────────────────────╮
│ Trial name                   status       learning_rate     batch_size     hidden_dim     num_layers     dropout   model_type       iter     total time (s)          loss     train_loss     rmse       mae │
├─────────────────────────────────────────────────────────────────────────────────────────────────────────────────────────────────────────────────────────────────────────────────────────────────────────────┤
│ train_with_params_19724568   RUNNING        0.000976476            128            256              3    0.205911   gat                 4            2013.66   8.78753e+11    4.76433e+12   937418   12586.7 │
╰─────────────────────────────────────────────────────────────────────────────────────────────────────────────────────────────────────────────────────────────────────────────────────────────────────────────╯
Trial status: 1 RUNNING
Current time: 2025-04-21 23:26:57. Total running time: 39min 2s
Logical resource usage: 4.0/16 CPUs, 0.5/2 GPUs (0.0/1.0 accelerator_type:A100)
Current best trial: 19724568 with loss=878753253325.7504 and params={'learning_rate': 0.0009764757359774002, 'batch_size': 128, 'hidden_dim': 256, 'num_layers': 3, 'dropout': 0.20591111311538035, 'model_type': 'gat'}
╭─────────────────────────────────────────────────────────────────────────────────────────────────────────────────────────────────────────────────────────────────────────────────────────────────────────────╮
│ Trial name                   status       learning_rate     batch_size     hidden_dim     num_layers     dropout   model_type       iter     total time (s)          loss     train_loss     rmse       mae │
├─────────────────────────────────────────────────────────────────────────────────────────────────────────────────────────────────────────────────────────────────────────────────────────────────────────────┤
│ train_with_params_19724568   RUNNING        0.000976476            128            256              3    0.205911   gat                 4            2013.66   8.78753e+11    4.76433e+12   937418   12586.7 │
╰─────────────────────────────────────────────────────────────────────────────────────────────────────────────────────────────────────────────────────────────────────────────────────────────────────────────╯
Trial status: 1 RUNNING
Current time: 2025-04-21 23:27:27. Total running time: 39min 32s
Logical resource usage: 4.0/16 CPUs, 0.5/2 GPUs (0.0/1.0 accelerator_type:A100)
Current best trial: 19724568 with loss=878753253325.7504 and params={'learning_rate': 0.0009764757359774002, 'batch_size': 128, 'hidden_dim': 256, 'num_layers': 3, 'dropout': 0.20591111311538035, 'model_type': 'gat'}
╭─────────────────────────────────────────────────────────────────────────────────────────────────────────────────────────────────────────────────────────────────────────────────────────────────────────────╮
│ Trial name                   status       learning_rate     batch_size     hidden_dim     num_layers     dropout   model_type       iter     total time (s)          loss     train_loss     rmse       mae │
├─────────────────────────────────────────────────────────────────────────────────────────────────────────────────────────────────────────────────────────────────────────────────────────────────────────────┤
│ train_with_params_19724568   RUNNING        0.000976476            128            256              3    0.205911   gat                 4            2013.66   8.78753e+11    4.76433e+12   937418   12586.7 │
╰─────────────────────────────────────────────────────────────────────────────────────────────────────────────────────────────────────────────────────────────────────────────────────────────────────────────╯
Trial status: 1 RUNNING
Current time: 2025-04-21 23:27:57. Total running time: 40min 2s
Logical resource usage: 4.0/16 CPUs, 0.5/2 GPUs (0.0/1.0 accelerator_type:A100)
Current best trial: 19724568 with loss=878753253325.7504 and params={'learning_rate': 0.0009764757359774002, 'batch_size': 128, 'hidden_dim': 256, 'num_layers': 3, 'dropout': 0.20591111311538035, 'model_type': 'gat'}
╭─────────────────────────────────────────────────────────────────────────────────────────────────────────────────────────────────────────────────────────────────────────────────────────────────────────────╮
│ Trial name                   status       learning_rate     batch_size     hidden_dim     num_layers     dropout   model_type       iter     total time (s)          loss     train_loss     rmse       mae │
├─────────────────────────────────────────────────────────────────────────────────────────────────────────────────────────────────────────────────────────────────────────────────────────────────────────────┤
│ train_with_params_19724568   RUNNING        0.000976476            128            256              3    0.205911   gat                 4            2013.66   8.78753e+11    4.76433e+12   937418   12586.7 │
╰─────────────────────────────────────────────────────────────────────────────────────────────────────────────────────────────────────────────────────────────────────────────────────────────────────────────╯
Trial status: 1 RUNNING
Current time: 2025-04-21 23:28:27. Total running time: 40min 32s
Logical resource usage: 4.0/16 CPUs, 0.5/2 GPUs (0.0/1.0 accelerator_type:A100)
Current best trial: 19724568 with loss=878753253325.7504 and params={'learning_rate': 0.0009764757359774002, 'batch_size': 128, 'hidden_dim': 256, 'num_layers': 3, 'dropout': 0.20591111311538035, 'model_type': 'gat'}
╭─────────────────────────────────────────────────────────────────────────────────────────────────────────────────────────────────────────────────────────────────────────────────────────────────────────────╮
│ Trial name                   status       learning_rate     batch_size     hidden_dim     num_layers     dropout   model_type       iter     total time (s)          loss     train_loss     rmse       mae │
├─────────────────────────────────────────────────────────────────────────────────────────────────────────────────────────────────────────────────────────────────────────────────────────────────────────────┤
│ train_with_params_19724568   RUNNING        0.000976476            128            256              3    0.205911   gat                 4            2013.66   8.78753e+11    4.76433e+12   937418   12586.7 │
╰─────────────────────────────────────────────────────────────────────────────────────────────────────────────────────────────────────────────────────────────────────────────────────────────────────────────╯
Trial status: 1 RUNNING
Current time: 2025-04-21 23:28:57. Total running time: 41min 2s
Logical resource usage: 4.0/16 CPUs, 0.5/2 GPUs (0.0/1.0 accelerator_type:A100)
Current best trial: 19724568 with loss=878753253325.7504 and params={'learning_rate': 0.0009764757359774002, 'batch_size': 128, 'hidden_dim': 256, 'num_layers': 3, 'dropout': 0.20591111311538035, 'model_type': 'gat'}
╭─────────────────────────────────────────────────────────────────────────────────────────────────────────────────────────────────────────────────────────────────────────────────────────────────────────────╮
│ Trial name                   status       learning_rate     batch_size     hidden_dim     num_layers     dropout   model_type       iter     total time (s)          loss     train_loss     rmse       mae │
├─────────────────────────────────────────────────────────────────────────────────────────────────────────────────────────────────────────────────────────────────────────────────────────────────────────────┤
│ train_with_params_19724568   RUNNING        0.000976476            128            256              3    0.205911   gat                 4            2013.66   8.78753e+11    4.76433e+12   937418   12586.7 │
╰─────────────────────────────────────────────────────────────────────────────────────────────────────────────────────────────────────────────────────────────────────────────────────────────────────────────╯

Trial train_with_params_19724568 finished iteration 5 at 2025-04-21 23:29:14. Total running time: 41min 20s
╭──────────────────────────────────────────────────────────╮
│ Trial train_with_params_19724568 result                  │
├──────────────────────────────────────────────────────────┤
│ checkpoint_dir_name                                      │
│ time_this_iter_s                                 460.659 │
│ time_total_s                                     2474.32 │
│ training_iteration                                     5 │
│ epoch                                                  4 │
│ loss                                         1.42547e+13 │
│ mae                                              51734.1 │
│ r2                                          -1.50223e+13 │
│ rmse                                         3.77554e+06 │
│ train_loss                                   2.27387e+13 │
╰──────────────────────────────────────────────────────────╯

Trial status: 1 RUNNING
Current time: 2025-04-21 23:29:27. Total running time: 41min 32s
Logical resource usage: 4.0/16 CPUs, 0.5/2 GPUs (0.0/1.0 accelerator_type:A100)
Current best trial: 19724568 with loss=14254733138212.395 and params={'learning_rate': 0.0009764757359774002, 'batch_size': 128, 'hidden_dim': 256, 'num_layers': 3, 'dropout': 0.20591111311538035, 'model_type': 'gat'}
╭──────────────────────────────────────────────────────────────────────────────────────────────────────────────────────────────────────────────────────────────────────────────────────────────────────────────────╮
│ Trial name                   status       learning_rate     batch_size     hidden_dim     num_layers     dropout   model_type       iter     total time (s)          loss     train_loss          rmse       mae │
├──────────────────────────────────────────────────────────────────────────────────────────────────────────────────────────────────────────────────────────────────────────────────────────────────────────────────┤
│ train_with_params_19724568   RUNNING        0.000976476            128            256              3    0.205911   gat                 5            2474.32   1.42547e+13    2.27387e+13   3.77554e+06   51734.1 │
╰──────────────────────────────────────────────────────────────────────────────────────────────────────────────────────────────────────────────────────────────────────────────────────────────────────────────────╯
Trial status: 1 RUNNING
Current time: 2025-04-21 23:29:57. Total running time: 42min 2s
Logical resource usage: 4.0/16 CPUs, 0.5/2 GPUs (0.0/1.0 accelerator_type:A100)
Current best trial: 19724568 with loss=14254733138212.395 and params={'learning_rate': 0.0009764757359774002, 'batch_size': 128, 'hidden_dim': 256, 'num_layers': 3, 'dropout': 0.20591111311538035, 'model_type': 'gat'}
╭──────────────────────────────────────────────────────────────────────────────────────────────────────────────────────────────────────────────────────────────────────────────────────────────────────────────────╮
│ Trial name                   status       learning_rate     batch_size     hidden_dim     num_layers     dropout   model_type       iter     total time (s)          loss     train_loss          rmse       mae │
├──────────────────────────────────────────────────────────────────────────────────────────────────────────────────────────────────────────────────────────────────────────────────────────────────────────────────┤
│ train_with_params_19724568   RUNNING        0.000976476            128            256              3    0.205911   gat                 5            2474.32   1.42547e+13    2.27387e+13   3.77554e+06   51734.1 │
╰──────────────────────────────────────────────────────────────────────────────────────────────────────────────────────────────────────────────────────────────────────────────────────────────────────────────────╯
Trial status: 1 RUNNING
Current time: 2025-04-21 23:30:27. Total running time: 42min 32s
Logical resource usage: 4.0/16 CPUs, 0.5/2 GPUs (0.0/1.0 accelerator_type:A100)
Current best trial: 19724568 with loss=14254733138212.395 and params={'learning_rate': 0.0009764757359774002, 'batch_size': 128, 'hidden_dim': 256, 'num_layers': 3, 'dropout': 0.20591111311538035, 'model_type': 'gat'}
╭──────────────────────────────────────────────────────────────────────────────────────────────────────────────────────────────────────────────────────────────────────────────────────────────────────────────────╮
│ Trial name                   status       learning_rate     batch_size     hidden_dim     num_layers     dropout   model_type       iter     total time (s)          loss     train_loss          rmse       mae │
├──────────────────────────────────────────────────────────────────────────────────────────────────────────────────────────────────────────────────────────────────────────────────────────────────────────────────┤
│ train_with_params_19724568   RUNNING        0.000976476            128            256              3    0.205911   gat                 5            2474.32   1.42547e+13    2.27387e+13   3.77554e+06   51734.1 │
╰──────────────────────────────────────────────────────────────────────────────────────────────────────────────────────────────────────────────────────────────────────────────────────────────────────────────────╯
Trial status: 1 RUNNING
Current time: 2025-04-21 23:30:57. Total running time: 43min 2s
Logical resource usage: 4.0/16 CPUs, 0.5/2 GPUs (0.0/1.0 accelerator_type:A100)
Current best trial: 19724568 with loss=14254733138212.395 and params={'learning_rate': 0.0009764757359774002, 'batch_size': 128, 'hidden_dim': 256, 'num_layers': 3, 'dropout': 0.20591111311538035, 'model_type': 'gat'}
╭──────────────────────────────────────────────────────────────────────────────────────────────────────────────────────────────────────────────────────────────────────────────────────────────────────────────────╮
│ Trial name                   status       learning_rate     batch_size     hidden_dim     num_layers     dropout   model_type       iter     total time (s)          loss     train_loss          rmse       mae │
├──────────────────────────────────────────────────────────────────────────────────────────────────────────────────────────────────────────────────────────────────────────────────────────────────────────────────┤
│ train_with_params_19724568   RUNNING        0.000976476            128            256              3    0.205911   gat                 5            2474.32   1.42547e+13    2.27387e+13   3.77554e+06   51734.1 │
╰──────────────────────────────────────────────────────────────────────────────────────────────────────────────────────────────────────────────────────────────────────────────────────────────────────────────────╯
Trial status: 1 RUNNING
Current time: 2025-04-21 23:31:27. Total running time: 43min 33s
Logical resource usage: 4.0/16 CPUs, 0.5/2 GPUs (0.0/1.0 accelerator_type:A100)
Current best trial: 19724568 with loss=14254733138212.395 and params={'learning_rate': 0.0009764757359774002, 'batch_size': 128, 'hidden_dim': 256, 'num_layers': 3, 'dropout': 0.20591111311538035, 'model_type': 'gat'}
╭──────────────────────────────────────────────────────────────────────────────────────────────────────────────────────────────────────────────────────────────────────────────────────────────────────────────────╮
│ Trial name                   status       learning_rate     batch_size     hidden_dim     num_layers     dropout   model_type       iter     total time (s)          loss     train_loss          rmse       mae │
├──────────────────────────────────────────────────────────────────────────────────────────────────────────────────────────────────────────────────────────────────────────────────────────────────────────────────┤
│ train_with_params_19724568   RUNNING        0.000976476            128            256              3    0.205911   gat                 5            2474.32   1.42547e+13    2.27387e+13   3.77554e+06   51734.1 │
╰──────────────────────────────────────────────────────────────────────────────────────────────────────────────────────────────────────────────────────────────────────────────────────────────────────────────────╯
Trial status: 1 RUNNING
Current time: 2025-04-21 23:31:57. Total running time: 44min 3s
Logical resource usage: 4.0/16 CPUs, 0.5/2 GPUs (0.0/1.0 accelerator_type:A100)
Current best trial: 19724568 with loss=14254733138212.395 and params={'learning_rate': 0.0009764757359774002, 'batch_size': 128, 'hidden_dim': 256, 'num_layers': 3, 'dropout': 0.20591111311538035, 'model_type': 'gat'}
╭──────────────────────────────────────────────────────────────────────────────────────────────────────────────────────────────────────────────────────────────────────────────────────────────────────────────────╮
│ Trial name                   status       learning_rate     batch_size     hidden_dim     num_layers     dropout   model_type       iter     total time (s)          loss     train_loss          rmse       mae │
├──────────────────────────────────────────────────────────────────────────────────────────────────────────────────────────────────────────────────────────────────────────────────────────────────────────────────┤
│ train_with_params_19724568   RUNNING        0.000976476            128            256              3    0.205911   gat                 5            2474.32   1.42547e+13    2.27387e+13   3.77554e+06   51734.1 │
╰──────────────────────────────────────────────────────────────────────────────────────────────────────────────────────────────────────────────────────────────────────────────────────────────────────────────────╯
Trial status: 1 RUNNING
Current time: 2025-04-21 23:32:27. Total running time: 44min 33s
Logical resource usage: 4.0/16 CPUs, 0.5/2 GPUs (0.0/1.0 accelerator_type:A100)
Current best trial: 19724568 with loss=14254733138212.395 and params={'learning_rate': 0.0009764757359774002, 'batch_size': 128, 'hidden_dim': 256, 'num_layers': 3, 'dropout': 0.20591111311538035, 'model_type': 'gat'}
╭──────────────────────────────────────────────────────────────────────────────────────────────────────────────────────────────────────────────────────────────────────────────────────────────────────────────────╮
│ Trial name                   status       learning_rate     batch_size     hidden_dim     num_layers     dropout   model_type       iter     total time (s)          loss     train_loss          rmse       mae │
├──────────────────────────────────────────────────────────────────────────────────────────────────────────────────────────────────────────────────────────────────────────────────────────────────────────────────┤
│ train_with_params_19724568   RUNNING        0.000976476            128            256              3    0.205911   gat                 5            2474.32   1.42547e+13    2.27387e+13   3.77554e+06   51734.1 │
╰──────────────────────────────────────────────────────────────────────────────────────────────────────────────────────────────────────────────────────────────────────────────────────────────────────────────────╯
Trial status: 1 RUNNING
Current time: 2025-04-21 23:32:57. Total running time: 45min 3s
Logical resource usage: 4.0/16 CPUs, 0.5/2 GPUs (0.0/1.0 accelerator_type:A100)
Current best trial: 19724568 with loss=14254733138212.395 and params={'learning_rate': 0.0009764757359774002, 'batch_size': 128, 'hidden_dim': 256, 'num_layers': 3, 'dropout': 0.20591111311538035, 'model_type': 'gat'}
╭──────────────────────────────────────────────────────────────────────────────────────────────────────────────────────────────────────────────────────────────────────────────────────────────────────────────────╮
│ Trial name                   status       learning_rate     batch_size     hidden_dim     num_layers     dropout   model_type       iter     total time (s)          loss     train_loss          rmse       mae │
├──────────────────────────────────────────────────────────────────────────────────────────────────────────────────────────────────────────────────────────────────────────────────────────────────────────────────┤
│ train_with_params_19724568   RUNNING        0.000976476            128            256              3    0.205911   gat                 5            2474.32   1.42547e+13    2.27387e+13   3.77554e+06   51734.1 │
╰──────────────────────────────────────────────────────────────────────────────────────────────────────────────────────────────────────────────────────────────────────────────────────────────────────────────────╯
Trial status: 1 RUNNING
Current time: 2025-04-21 23:33:27. Total running time: 45min 33s
Logical resource usage: 4.0/16 CPUs, 0.5/2 GPUs (0.0/1.0 accelerator_type:A100)
Current best trial: 19724568 with loss=14254733138212.395 and params={'learning_rate': 0.0009764757359774002, 'batch_size': 128, 'hidden_dim': 256, 'num_layers': 3, 'dropout': 0.20591111311538035, 'model_type': 'gat'}
╭──────────────────────────────────────────────────────────────────────────────────────────────────────────────────────────────────────────────────────────────────────────────────────────────────────────────────╮
│ Trial name                   status       learning_rate     batch_size     hidden_dim     num_layers     dropout   model_type       iter     total time (s)          loss     train_loss          rmse       mae │
├──────────────────────────────────────────────────────────────────────────────────────────────────────────────────────────────────────────────────────────────────────────────────────────────────────────────────┤
│ train_with_params_19724568   RUNNING        0.000976476            128            256              3    0.205911   gat                 5            2474.32   1.42547e+13    2.27387e+13   3.77554e+06   51734.1 │
╰──────────────────────────────────────────────────────────────────────────────────────────────────────────────────────────────────────────────────────────────────────────────────────────────────────────────────╯
Trial status: 1 RUNNING
Current time: 2025-04-21 23:33:57. Total running time: 46min 3s
Logical resource usage: 4.0/16 CPUs, 0.5/2 GPUs (0.0/1.0 accelerator_type:A100)
Current best trial: 19724568 with loss=14254733138212.395 and params={'learning_rate': 0.0009764757359774002, 'batch_size': 128, 'hidden_dim': 256, 'num_layers': 3, 'dropout': 0.20591111311538035, 'model_type': 'gat'}
╭──────────────────────────────────────────────────────────────────────────────────────────────────────────────────────────────────────────────────────────────────────────────────────────────────────────────────╮
│ Trial name                   status       learning_rate     batch_size     hidden_dim     num_layers     dropout   model_type       iter     total time (s)          loss     train_loss          rmse       mae │
├──────────────────────────────────────────────────────────────────────────────────────────────────────────────────────────────────────────────────────────────────────────────────────────────────────────────────┤
│ train_with_params_19724568   RUNNING        0.000976476            128            256              3    0.205911   gat                 5            2474.32   1.42547e+13    2.27387e+13   3.77554e+06   51734.1 │
╰──────────────────────────────────────────────────────────────────────────────────────────────────────────────────────────────────────────────────────────────────────────────────────────────────────────────────╯
Trial status: 1 RUNNING
Current time: 2025-04-21 23:34:27. Total running time: 46min 33s
Logical resource usage: 4.0/16 CPUs, 0.5/2 GPUs (0.0/1.0 accelerator_type:A100)
Current best trial: 19724568 with loss=14254733138212.395 and params={'learning_rate': 0.0009764757359774002, 'batch_size': 128, 'hidden_dim': 256, 'num_layers': 3, 'dropout': 0.20591111311538035, 'model_type': 'gat'}
╭──────────────────────────────────────────────────────────────────────────────────────────────────────────────────────────────────────────────────────────────────────────────────────────────────────────────────╮
│ Trial name                   status       learning_rate     batch_size     hidden_dim     num_layers     dropout   model_type       iter     total time (s)          loss     train_loss          rmse       mae │
├──────────────────────────────────────────────────────────────────────────────────────────────────────────────────────────────────────────────────────────────────────────────────────────────────────────────────┤
│ train_with_params_19724568   RUNNING        0.000976476            128            256              3    0.205911   gat                 5            2474.32   1.42547e+13    2.27387e+13   3.77554e+06   51734.1 │
╰──────────────────────────────────────────────────────────────────────────────────────────────────────────────────────────────────────────────────────────────────────────────────────────────────────────────────╯
Trial status: 1 RUNNING
Current time: 2025-04-21 23:34:57. Total running time: 47min 3s
Logical resource usage: 4.0/16 CPUs, 0.5/2 GPUs (0.0/1.0 accelerator_type:A100)
Current best trial: 19724568 with loss=14254733138212.395 and params={'learning_rate': 0.0009764757359774002, 'batch_size': 128, 'hidden_dim': 256, 'num_layers': 3, 'dropout': 0.20591111311538035, 'model_type': 'gat'}
╭──────────────────────────────────────────────────────────────────────────────────────────────────────────────────────────────────────────────────────────────────────────────────────────────────────────────────╮
│ Trial name                   status       learning_rate     batch_size     hidden_dim     num_layers     dropout   model_type       iter     total time (s)          loss     train_loss          rmse       mae │
├──────────────────────────────────────────────────────────────────────────────────────────────────────────────────────────────────────────────────────────────────────────────────────────────────────────────────┤
│ train_with_params_19724568   RUNNING        0.000976476            128            256              3    0.205911   gat                 5            2474.32   1.42547e+13    2.27387e+13   3.77554e+06   51734.1 │
╰──────────────────────────────────────────────────────────────────────────────────────────────────────────────────────────────────────────────────────────────────────────────────────────────────────────────────╯
Trial status: 1 RUNNING
Current time: 2025-04-21 23:35:27. Total running time: 47min 33s
Logical resource usage: 4.0/16 CPUs, 0.5/2 GPUs (0.0/1.0 accelerator_type:A100)
Current best trial: 19724568 with loss=14254733138212.395 and params={'learning_rate': 0.0009764757359774002, 'batch_size': 128, 'hidden_dim': 256, 'num_layers': 3, 'dropout': 0.20591111311538035, 'model_type': 'gat'}
╭──────────────────────────────────────────────────────────────────────────────────────────────────────────────────────────────────────────────────────────────────────────────────────────────────────────────────╮
│ Trial name                   status       learning_rate     batch_size     hidden_dim     num_layers     dropout   model_type       iter     total time (s)          loss     train_loss          rmse       mae │
├──────────────────────────────────────────────────────────────────────────────────────────────────────────────────────────────────────────────────────────────────────────────────────────────────────────────────┤
│ train_with_params_19724568   RUNNING        0.000976476            128            256              3    0.205911   gat                 5            2474.32   1.42547e+13    2.27387e+13   3.77554e+06   51734.1 │
╰──────────────────────────────────────────────────────────────────────────────────────────────────────────────────────────────────────────────────────────────────────────────────────────────────────────────────╯
Trial status: 1 RUNNING
Current time: 2025-04-21 23:35:57. Total running time: 48min 3s
Logical resource usage: 4.0/16 CPUs, 0.5/2 GPUs (0.0/1.0 accelerator_type:A100)
Current best trial: 19724568 with loss=14254733138212.395 and params={'learning_rate': 0.0009764757359774002, 'batch_size': 128, 'hidden_dim': 256, 'num_layers': 3, 'dropout': 0.20591111311538035, 'model_type': 'gat'}
╭──────────────────────────────────────────────────────────────────────────────────────────────────────────────────────────────────────────────────────────────────────────────────────────────────────────────────╮
│ Trial name                   status       learning_rate     batch_size     hidden_dim     num_layers     dropout   model_type       iter     total time (s)          loss     train_loss          rmse       mae │
├──────────────────────────────────────────────────────────────────────────────────────────────────────────────────────────────────────────────────────────────────────────────────────────────────────────────────┤
│ train_with_params_19724568   RUNNING        0.000976476            128            256              3    0.205911   gat                 5            2474.32   1.42547e+13    2.27387e+13   3.77554e+06   51734.1 │
╰──────────────────────────────────────────────────────────────────────────────────────────────────────────────────────────────────────────────────────────────────────────────────────────────────────────────────╯
Trial status: 1 RUNNING
Current time: 2025-04-21 23:36:27. Total running time: 48min 33s
Logical resource usage: 4.0/16 CPUs, 0.5/2 GPUs (0.0/1.0 accelerator_type:A100)
Current best trial: 19724568 with loss=14254733138212.395 and params={'learning_rate': 0.0009764757359774002, 'batch_size': 128, 'hidden_dim': 256, 'num_layers': 3, 'dropout': 0.20591111311538035, 'model_type': 'gat'}
╭──────────────────────────────────────────────────────────────────────────────────────────────────────────────────────────────────────────────────────────────────────────────────────────────────────────────────╮
│ Trial name                   status       learning_rate     batch_size     hidden_dim     num_layers     dropout   model_type       iter     total time (s)          loss     train_loss          rmse       mae │
├──────────────────────────────────────────────────────────────────────────────────────────────────────────────────────────────────────────────────────────────────────────────────────────────────────────────────┤
│ train_with_params_19724568   RUNNING        0.000976476            128            256              3    0.205911   gat                 5            2474.32   1.42547e+13    2.27387e+13   3.77554e+06   51734.1 │
╰──────────────────────────────────────────────────────────────────────────────────────────────────────────────────────────────────────────────────────────────────────────────────────────────────────────────────╯

Trial train_with_params_19724568 finished iteration 6 at 2025-04-21 23:36:54. Total running time: 48min 59s
╭──────────────────────────────────────────────────────────╮
│ Trial train_with_params_19724568 result                  │
├──────────────────────────────────────────────────────────┤
│ checkpoint_dir_name                                      │
│ time_this_iter_s                                 459.366 │
│ time_total_s                                     2933.69 │
│ training_iteration                                     6 │
│ epoch                                                  5 │
│ loss                                         1.80247e+11 │
│ mae                                              5531.46 │
│ r2                                          -1.89953e+11 │
│ rmse                                              424555 │
│ train_loss                                   6.41677e+12 │
╰──────────────────────────────────────────────────────────╯

Trial status: 1 RUNNING
Current time: 2025-04-21 23:36:57. Total running time: 49min 3s
Logical resource usage: 4.0/16 CPUs, 0.5/2 GPUs (0.0/1.0 accelerator_type:A100)
Current best trial: 19724568 with loss=180246736330.09515 and params={'learning_rate': 0.0009764757359774002, 'batch_size': 128, 'hidden_dim': 256, 'num_layers': 3, 'dropout': 0.20591111311538035, 'model_type': 'gat'}
╭─────────────────────────────────────────────────────────────────────────────────────────────────────────────────────────────────────────────────────────────────────────────────────────────────────────────╮
│ Trial name                   status       learning_rate     batch_size     hidden_dim     num_layers     dropout   model_type       iter     total time (s)          loss     train_loss     rmse       mae │
├─────────────────────────────────────────────────────────────────────────────────────────────────────────────────────────────────────────────────────────────────────────────────────────────────────────────┤
│ train_with_params_19724568   RUNNING        0.000976476            128            256              3    0.205911   gat                 6            2933.69   1.80247e+11    6.41677e+12   424555   5531.46 │
╰─────────────────────────────────────────────────────────────────────────────────────────────────────────────────────────────────────────────────────────────────────────────────────────────────────────────╯

Trial train_with_params_19724568 completed after 6 iterations at 2025-04-21 23:37:02. Total running time: 49min 8s

Trial status: 1 TERMINATED
Current time: 2025-04-21 23:37:02. Total running time: 49min 8s
Logical resource usage: 4.0/16 CPUs, 0.5/2 GPUs (0.0/1.0 accelerator_type:A100)
Current best trial: 19724568 with loss=180246736330.09515 and params={'learning_rate': 0.0009764757359774002, 'batch_size': 128, 'hidden_dim': 256, 'num_layers': 3, 'dropout': 0.20591111311538035, 'model_type': 'gat'}
╭───────────────────────────────────────────────────────────────────────────────────────────────────────────────────────────────────────────────────────────────────────────────────────────────────────────────╮
│ Trial name                   status         learning_rate     batch_size     hidden_dim     num_layers     dropout   model_type       iter     total time (s)          loss     train_loss     rmse       mae │
├───────────────────────────────────────────────────────────────────────────────────────────────────────────────────────────────────────────────────────────────────────────────────────────────────────────────┤
│ train_with_params_19724568   TERMINATED       0.000976476            128            256              3    0.205911   gat                 6            2933.69   1.80247e+11    6.41677e+12   424555   5531.46 │
╰───────────────────────────────────────────────────────────────────────────────────────────────────────────────────────────────────────────────────────────────────────────────────────────────────────────────╯

Hyperparameter optimization completed at Mon Apr 21 23:37:05 CDT 2025
TensorBoard logs available at: logs/hyperopt/baseline/mi0.2/experiment_9/tensorboard
To view TensorBoard logs, run: tensorboard --logdir=logs/hyperopt/baseline/mi0.2/experiment_9/tensorboard
