{
  "batch_size": 128,
  "dropout": 0.303975033908902,
  "hidden_dim": 64,
  "learning_rate": 0.000944086184224386,
  "model_type": "gcn",
  "num_layers": 4
}