{
  "batch_size": 16,
  "dropout": 0.35015622820296266,
  "hidden_dim": 32,
  "learning_rate": 0.00020845417512038207,
  "model_type": "gat",
  "num_layers": 4
}