{
  "batch_size": 16,
  "dropout": 0.07772836238661796,
  "hidden_dim": 256,
  "learning_rate": 0.00977095123727066,
  "model_type": "gcn",
  "num_layers": 1
}